{"avastui.exe": "Avast", "avgui.exe": "AVG", "avcenter.exe": "Avira", "acrord32.exe": "Adobe Acrobat", "soffice.exe": "OpenOffice", "asana.exe": "Asana", "photoshop.exe": "Photoshop", "audacity.exe": "Audacity", "java.exe": "OpenJDK", "studio.exe": "Android Studio", "atom.exe": "Atom Editor", "tomcat8.exe": "Apache Tomcat", "anydesk.exe": "AnyDesk", "autoruns.exe": "Autoruns", "amongus.exe": "Among Us", "aclauncher.exe": "Assassin's Creed", "vpnui.exe": "Cisco AnyConnect", "aim.exe": "AIM", "avgtuneup.exe": "AVG TuneUp", "trueimage.exe": "Acronis True Image", "axurerp.exe": "Axure RP", "premiere.exe": "Adobe Premiere Pro", "illustrator.exe": "Adobe Illustrator", "ableton.exe": "Ableton Live", "lightroom.exe": "Lightroom", "afterfx.exe": "Adobe After Effects", "appcleaner.exe": "App Cleaner", "ashampoo_burning.exe": "Ashampoo Burning Studio", "audition.exe": "Audition CC", "arcgis.exe": "ArcGIS", "netbeans.exe": "NetBeans IDE", "anaconda-navigator.exe": "Anaconda Navigator", "acad.exe": "Autodesk AutoCAD", "maya.exe": "Autodesk Maya", "archicad.exe": "ArchiCAD", "altium.exe": "Altium Designer", "dreamweaver.exe": "Dreamweaver", "adobexd.exe": "Adobe XD", "aptana.exe": "Aptana Studio", "atomrss.exe": "Atom RSS", "r5apex.exe": "Apex Legends", "aoe2de.exe": "Age of Empires", "anthem.exe": "Anthem", "apexlauncher.exe": "Apex Launcher", "diskdirector.exe": "Acronis Disk Director", "bridge.exe": "Adobe Bridge", "animate.exe": "Adobe Animate", "aimp.exe": "AIMP", "creativecloud.exe": "Adobe Creative Cloud", "ashampoo_backup.exe": "Ashampoo Backup", "aseprite.exe": "Aseprite", "avcfree.exe": "Any Video Converter", "acdsee.exe": "ACDSee", "alfred.exe": "Alfred", "action.exe": "Action!", "revit.exe": "Autodesk Revit", "axcrypt.exe": "AxCrypt", "finereader.exe": "ABBYY FineReader", "boostspeed.exe": "Auslogics BoostSpeed", "argouml.exe": "ArgoUML", "affinityphoto.exe": "Affinity Photo", "affinitydesigner.exe": "Affinity Designer", "driverupdater.exe": "AVG Driver Updater", "able2extract.exe": "Able2Extract", "astrogrep.exe": "Astrogrep", "autohotkey.exe": "AutoHotkey", "autoit.exe": "AutoIt", "backupper.exe": "AOMEI Backupper", "antivirusfree.exe": "Antivirus Free", "audiorecorder.exe": "Audio Recorder Pro", "azuredatastudio.exe": "Azure Data Studio", "ares.exe": "Ares", "audacityportable.exe": "Audacity Portable", "autotune.exe": "Auto-Tune", "winoptimizer.exe": "Ashampoo WinOptimizer", "radeonsoftware.exe": "AMD Radeon Software", "cleanup.exe": "Avast Cleanup", "anydvd.exe": "AnyDVD", "acronisbackup.exe": "Acronis Backup", "ammyy.exe": "Ammyy Admin", "totalmedia.exe": "ArcSoft TotalMedia", "avc.exe": "AnyVideoConverter", "alienwarecc.exe": "Alienware Command Center", "dngconverter.exe": "Adobe DNG Converter", "adwcleaner.exe": "AdwCleaner", "apowermirror.exe": "Apowersoft ApowerMirror", "adobeair.exe": "Adobe AIR", "mediaencoder.exe": "Adobe Media Encoder", "avcvc.exe": "AnyMP4 Video Converter", "photo_commander.exe": "Ashampoo Photo Commander", "aida64.exe": "AIDA64", "anyburn.exe": "Anyburn", "kindle.exe": "Kindle", "partitionassistant.exe": "AOMEI Partition Assistant", "securebrowser.exe": "Avast Secure Browser", "anyaudioconverter.exe": "Any Audio Converter", "azureus.exe": "Azureus", "animestudio.exe": "Anime Studio", "installer.exe": "Advanced Installer", "prelude.exe": "Adobe Prelude", "systemspeedup.exe": "Avira System Speedup", "gpustweak.exe": "Asus GPU Tweak", "archer.exe": "Archer", "airserver.exe": "AirServer", "avsvideoeditor.exe": "AVS Video Editor", "diskmanager.exe": "Acronis Disk Manager", "able2doc.exe": "Able2Doc", "renamer.exe": "Advanced Renamer", "airdroid.exe": "AirDroid", "amigaforever.exe": "Amiga Forever", "atomftp.exe": "Atom FTP", "androidfiletransfer.exe": "Android File Transfer", "voicechanger.exe": "AV Voice Changer", "appdelete.exe": "AppDelete", "appremover.exe": "AppRemover", "rescue.exe": "Avira Rescue System", "onekeyrecovery.exe": "AOMEI OneKey Recovery", "datarecovery.exe": "Apeaksoft Data Recovery", "blurayripper.exe": "AnyMP4 Blu-ray Ripper", "allwaysync.exe": "Allway Sync", "coldfusion.exe": "Adobe ColdFusion", "fireworks.exe": "Adobe Fireworks", "contribute.exe": "Adobe Contribute", "pdfsuite.exe": "Aloaha PDF Suite", "aegisub.exe": "Aegisub", "anvilstudio.exe": "Anvil Studio", "appcake.exe": "AppCake", "antilogger.exe": "Zemana AntiLogger", "audio_converter.exe": "AVS Audio Converter", "acdseephotostudio.exe": "ACDSee Photo Studio", "video_converter.exe": "VSDC Video Converter", "acestream.exe": "Ace Stream", "screenrecorder.exe": "Movavi Screen Recorder", "airparrot.exe": "AirParrot", "apptoko.exe": "Apptoko", "aldiko.exe": "Aldiko Book Reader", "internetsecurity.exe": "Internet Security", "slideshowstudio.exe": "Ashampoo Slideshow Studio", "acadlt.exe": "AutoCAD LT", "fonelab.exe": "Aiseesoft FoneLab", "activepresenter.exe": "ActivePresenter", "aceutilities.exe": "Ace Utilities", "pdfsignator.exe": "Aloaha PDF Signator", "dvdripper.exe": "AnyMP4 DVD Ripper", "framemaker.exe": "Adobe FrameMaker", "freehand.exe": "Adobe FreeHand", "alphazip.exe": "AlphaZip", "anyutube.exe": "AnyUTube Downloader", "antispy.exe": "AntiSpy", "anytrans.exe": "AnyTrans", "eagle.exe": "Autodesk Eagle", "actions.exe": "Action(s)", "document_converter.exe": "AVS Document Converter", "photoviewer.exe": "Apowersoft Photo Viewer", "scout.exe": "Adobe Scout", "ftpmanager.exe": "Auto FTP Manager", "robohelp.exe": "Adobe RoboHelp", "iconworkshop.exe": "IconWorkshop", "revive.exe": "Acronis Revive", "flashbuilder.exe": "Adobe Flash Builder", "ios_toolkit.exe": "Apeaksoft iOS Toolkit", "avg_remover.exe": "AVG Remover", "anyplace.exe": "Anyplace Control", "passwords.exe": "Avast Passwords", "fuse.exe": "Adobe Fuse", "captivate.exe": "Adobe Captivate", "videoconverter.exe": "Movavi Video Converter", "anki.exe": "Anki", "apowerpdf.exe": "ApowerPDF", "keylogger.exe": "Blazing Tools Perfect Keylogger", "apowerunlock.exe": "ApowerUnlock", "systemcare.exe": "Advanced SystemCare", "applock.exe": "App Lock", "mobiesync.exe": "Aiseesoft MobieSync", "anymusic.exe": "AnyMusic", "anytrans_ios.exe": "AnyTrans for iOS", "undelete.exe": "Active UNDELETE", "airfoil.exe": "Airfoil", "apowerrecover.exe": "ApowerRecover", "ant_renamer.exe": "Ant Renamer", "streamingaudio.exe": "Apowersoft Streaming Audio Recorder", "anytoiso.exe": "AnyToISO", "registrycleaner.exe": "AVS Registry Cleaner", "spark.exe": "Adobe Spark", "dimension.exe": "Adobe Dimension", "artrage.exe": "ArtRage", "ransomware.exe": "Acronis Ransomware Protection", "airmore.exe": "AirMore", "amcap.exe": "AMCap", "anysend.exe": "AnySend", "filerecovery.exe": "Auslogics File Recovery", "systemoptimizer.exe": "Advanced System Optimizer", "photostudio.exe": "ArcSoft PhotoStudio", "revel.exe": "Adobe Revel", "speedgrade.exe": "Adobe SpeedGrade", "android_sdk.exe": "Android SDK", "ntfstofat32.exe": "AOMEI NTFS to FAT32", "anychart.exe": "AnyChart", "pdf_to_dwg.exe": "AutoDWG PDF to DWG Converter", "aquadatastudio.exe": "Aqua Data Studio", "blurayplayer.exe": "Apeaksoft Blu-ray Player", "audioconverter.exe": "Audio Converter Pro", "pdfpro.exe": "Ashampoo PDF Pro", "anyreader.exe": "AnyReader", "moviecatalog.exe": "Ant Movie Catalog", "codecs.exe": "Advanced Codecs", "disc_creator.exe": "AVS Disc Creator", "animestudio_pro.exe": "Anime Studio Pro", "mxf_converter.exe": "Aiseesoft MXF Converter", "alomwarereset.exe": "AlomWare Reset", "bitdefender.exe": "BitDefender Internet Security", "blender.exe": "Blender Foundation", "bluestacks.exe": "BlueStacks", "brave.exe": "Brave", "box.exe": "Box", "resolve.exe": "Blackmagic Design DaVinci Resolve", "bluejeans.exe": "BlueJeans", "blufftitler.exe": "BluffTitler", "bandicam.exe": "Bandicam", "burnaware.exe": "BurnAware", "revu.exe": "Bluebeam Revu", "battle.net.exe": "Battle.net", "bittorrent.exe": "BitTorrent", "bcompare.exe": "Beyond Compare", "bleachbit.exe": "BleachBit", "bulkrenameutility.exe": "Bulk Rename Utility", "btfiletransfer.exe": "Bluetooth File Transfer", "bingwallpaper.exe": "Bing Wallpaper", "bootcamp.exe": "BootCamp", "bootracer.exe": "BootRacer", "baidu_antivirus.exe": "Baidu Antivirus", "balsamiq_mockups.exe": "Balsamiq Mockups", "bootstrapstudio.exe": "Bootstrap Studio", "bsplayer.exe": "BSPlayer", "broadcam.exe": "BroadCam", "blackberry_desktop.exe": "BlackBerry Desktop Software", "bryce.exe": "Bryce", "blazedvd.exe": "BlazeDVD", "boxcryptor.exe": "Boxcryptor", "backupexec.exe": "Backup Exec", "bingmaps.exe": "Bing Maps 3D", "balsamiq_wireframes.exe": "Balsamiq Wireframes", "brackets.exe": "Brackets", "bluefish.exe": "Bluefish", "burn4free.exe": "Burn4Free", "batterycare.exe": "BatteryCare", "midi_translator.exe": "Bome's MIDI Translator", "blisk.exe": "Blisk", "bacula.exe": "Bacula", "freeram.exe": "BySoft FreeRAM", "blueiris.exe": "Blue Iris", "beyondtrust.exe": "BeyondTrust Remote Support", "bitvise.exe": "BitVise", "blueskybrowser.exe": "BlueSky Browser", "boxee.exe": "Boxee", "bluegriffon.exe": "BlueGriffon", "we_builder.exe": "Blumentals WeBuilder", "bitcomet.exe": "BitComet", "babylon.exe": "Babylon", "backblaze.exe": "BackBlaze", "boxsync.exe": "Box Sync", "bricscad.exe": "BricsCAD", "bibdesk.exe": "BibDesk", "bibtex.exe": "BibTeX", "blackfog_privacy.exe": "BlackFog Privacy", "browserstack.exe": "BrowserStack", "belarcadvisor.exe": "Belarc Advisor", "blitz.exe": "Blitz", "bitwarden.exe": "Bitwarden", "bleachbit_portable.exe": "BleachBit Portable", "bullguard.exe": "BullGuard Internet Security", "batteryinfoview.exe": "BatteryInfoView", "breevy.exe": "Breevy", "balabolka.exe": "Balabolka", "briskbard.exe": "BriskBard", "bulk_crap_uninstaller.exe": "Bulk Crap Uninstaller", "bluej.exe": "BlueJ", "bigasoft_converter.exe": "Bigasoft Total Video Converter", "bwmeter.exe": "BWMeter", "bibble_pro.exe": "Bibble Pro", "basecamp.exe": "Garmin BaseCamp", "bitwig_studio.exe": "Bitwig Studio", "boxoft_pdf_to_word.exe": "Boxoft PDF to Word", "bandizip.exe": "Bandizip", "beebeep.exe": "BeeBEEP", "browserassistant.exe": "BrowserAssistant", "bizagi_modeler.exe": "Bizagi Modeler", "burnaware_free.exe": "BurnAware Free", "bitripper.exe": "BitRipper", "burnon.exe": "BurnOn CD/DVD", "blender_portable.exe": "Blender Portable", "brave_portable.exe": "Brave Portable", "bluesoleil.exe": "BlueSoleil", "boom_3d.exe": "Boom 3D", "bitlord.exe": "BitLord", "beats_audio.exe": "Beats Audio", "bytefence.exe": "ByteFence Anti-Malware", "disk_speed_test.exe": "Black Magic Disk Speed Test", "bypass_google_account.exe": "Bypass Google Account", "video_joiner.exe": "Boilsoft Video Joiner", "video_splitter.exe": "Boilsoft Video Splitter", "batterymon.exe": "BatteryMon", "bitdefender_total_security.exe": "Bitdefender Total Security", "bitmeter_os.exe": "BitMeter OS", "bulk_image_downloader.exe": "Bulk Image Downloader", "blitz3d.exe": "Blitz3D", "bitrecover.exe": "BitRecover", "bitshares.exe": "BitShares", "bingdesktop.exe": "Bing Desktop", "bluegriffon_portable.exe": "BlueGriffon Portable", "bluej_portable.exe": "BlueJ Portable", "bootstrapper.exe": "Bootstrapper", "bryce7.exe": "Bryce 7", "bulk_crap_uninstaller_portable.exe": "Bulk Crap Uninstaller Portable", "baidu_wifi_hotspot.exe": "Baidu WiFi Hotspot", "blazehdtv.exe": "BlazeVideo HDTV Player", "buzzbundle.exe": "BuzzBundle", "biztalk_server.exe": "BizTalk Server", "bitlord_portable.exe": "BitLord Portable", "balsamiq_mockups3.exe": "Balsamiq Mockups 3", "bluetoothview.exe": "BluetoothView", "bplan_expert.exe": "BPlan Expert", "blackberry_link.exe": "BlackBerry Link", "batchphoto.exe": "BatchPhoto", "bluebeam_vu.exe": "Bluebeam Vu", "burn_my_files.exe": "Burn My Files", "freqanalyst.exe": "Blue Cat's FreqAnalyst", "parametreq.exe": "Blue Cat's ParametrEQ", "triple_eq.exe": "Blue Cat's Triple EQ", "baidu_pc_faster.exe": "Baidu PC Faster", "bestcrypt.exe": "BestCrypt", "burnintest.exe": "BurnInTest", "bitnami.exe": "BitNami", "bit_che.exe": "Bit Che", "brackets_portable.exe": "Brackets Portable", "bitvise_tunnelier.exe": "Bitvise Tunnelier", "bluescreenview.exe": "BlueScreenView", "backup4all.exe": "Backup4all", "bacula_enterprise.exe": "Bacula Enterprise", "batch_rename.exe": "Batch Rename", "bzzt_image_editor.exe": "Bzzt! Image Editor", "obex_file_transfer.exe": "Bluetooth OBEX File Transfer", "bulk_image_resizer.exe": "Bulk Image Resizer", "black_mesa.exe": "Black Mesa", "bluegriffon_web_editor.exe": "BlueGriffon Web Editor", "bluestacks_app_player.exe": "BlueStacks App Player", "pgadmin4.exe": "pgAdmin4", "blizzard_app.exe": "Blizzard App", "boot_camp_assistant.exe": "Boot Camp Assistant", "backlink_monitor.exe": "Backlink Monitor", "battery_limiter.exe": "Battery Limiter", "bindiff.exe": "BinDiff", "blackbelt_privacy.exe": "BlackBelt Privacy", "beedoctor.exe": "BeeDoctor", "bitkinex.exe": "BitKinex", "batch_pdf_merger.exe": "Batch PDF Merger", "batterybar.exe": "BatteryBar", "bulk_rename_command.exe": "Bulk Rename Command", "bluray_master.exe": "Blu-ray Master", "black_ink.exe": "Black Ink", "burn4free_portable.exe": "Burn4Free Portable", "bluetooth_driver_installer.exe": "Bluetooth Driver Installer", "blufftitler_ultimate.exe": "BluffTitler Ultimate", "browser_cleaner.exe": "Browser Cleaner", "bluesoleil_portable.exe": "BlueSoleil Portable", "batchblitz.exe": "BatchBlitz", "bvckup.exe": "Bvckup", "buzzbundle_portable.exe": "BuzzBundle Portable", "batchuninstaller.exe": "BatchUninstaller", "blizzard_battle.net.exe": "Blizzard Battle.net", "baidu_pc_app_store.exe": "Baidu PC App Store", "bash.exe": "Bash", "bluetooth_driver_installer_portable.exe": "Bluetooth Driver Installer Portable", "bulkfilechanger.exe": "BulkFileChanger", "battery_optimizer.exe": "Battery Optimizer", "bvckup2.exe": "Bvckup 2", "bluesacks_lite.exe": "BluesStacks Lite", "bluetoothlogview.exe": "BluetoothLogView", "burnaware_professional.exe": "BurnAware Professional", "blitz3d_sdk.exe": "Blitz3D SDK", "blackbelt_antivirus.exe": "BlackBelt AntiVirus", "backup_dwarf.exe": "Backup Dwarf", "buzzsaw.exe": "Buzzsaw", "blueone.exe": "BlueOne", "bitbucket.exe": "Bitbucket", "backup_expert.exe": "Backup Expert", "bluetooth_assistant.exe": "Bluetooth Assistant", "battery_guard.exe": "Battery Guard", "boilsoft_ringtone_converter.exe": "Boilsoft Ringtone Converter", "bluegriffon_web.exe": "BlueGriffon Web", "bluephoneelite.exe": "BluephoneElite", "bitche.exe": "BitChe", "buzz.exe": "Buzz", "bluetoothview_portable.exe": "BluetoothView Portable", "batchblitz_portable.exe": "BatchBlitz Portable", "bvckup_portable.exe": "Bvckup Portable", "buzzbundle_lite.exe": "BuzzBundle Lite", "bizagi_studio.exe": "Bizagi Studio", "baidu_wifi_hotspot_portable.exe": "Baidu WiFi Hotspot Portable", "bacula_backup.exe": "Bacula Backup", "buzzbrew.exe": "BuzzBrew", "burner.exe": "Burner", "bitwarden_portable.exe": "Bitwarden Portable", "keylogger_lite.exe": "BlazingTools Perfect Keylogger Lite", "bizagi_bpm_suite.exe": "Bizagi BPM Suite", "backup4all_portable.exe": "Backup4all Portable", "batch_compiler.exe": "Batch Compiler", "bacula_community.exe": "Bacula Community", "brave_browser.exe": "Brave Browser", "buzzstream.exe": "BuzzStream", "box_sync_portable.exe": "Box Sync Portable", "batch_picture_protector.exe": "Batch Picture Protector", "bizagi_process_modeler.exe": "Bizagi Process Modeler", "bitmeter.exe": "BitMeter", "batterycare_portable.exe": "BatteryCare Portable", "boilsoft_itunes_converter.exe": "Boilsoft iTunes Converter", "burnaware_professional_portable.exe": "BurnAware Professional Portable", "blackfog_secure.exe": "BlackFog Secure", "buzzbundle_enterprise.exe": "BuzzBundle Enterprise", "blackfog_privacy_portable.exe": "BlackFog Privacy Portable", "bricscad_shape.exe": "BricsCAD Shape", "buzzbundle_free.exe": "BuzzBundle Free", "bitmeter_portable.exe": "BitMeter Portable", "backupery_for_onenote.exe": "Backupery for OneNote", "bricscad_lite.exe": "BricsCAD Lite", "bash_portable.exe": "Bash Portable", "battery_doctor.exe": "Battery Doctor", "bitwar_data_recovery.exe": "Bitwar Data Recovery", "bibble_lite.exe": "Bibble Lite", "blackbox.exe": "Blackbox", "bulk_pdf_merger.exe": "Bulk PDF Merger", "boilsoft_dvd_creator.exe": "Boilsoft DVD Creator", "bizagi_studio_portable.exe": "Bizagi Studio Portable", "boilsoft_apple_music_converter.exe": "Boilsoft Apple Music Converter", "bizagi_enterprise.exe": "Bizagi Enterprise", "boilsoft_audio_converter.exe": "Boilsoft Audio Converter", "backup4all_professional.exe": "Backup4all Professional", "bricscad_mechanical.exe": "BricsCAD Mechanical", "bricscad_ultimate.exe": "BricsCAD Ultimate", "burnaware_premium.exe": "BurnAware Premium", "backup4all_lite.exe": "Backup4all Lite", "battery_life_extender.exe": "Battery Life Extender", "boilsoft_mkv_converter.exe": "Boilsoft MKV Converter", "battery_limiter_portable.exe": "Battery Limiter Portable", "bluelife_hosts_editor.exe": "BlueLife Hosts Editor", "boilsoft_video_converter.exe": "Boilsoft Video Converter", "bluestacks_app_player_portable.exe": "BlueStacks App Player Portable", "bizagi_bpm_suite_portable.exe": "Bizagi BPM Suite Portable", "bluestacks_portable.exe": "BlueStacks Portable", "bizagi_process_modeler_portable.exe": "Bizagi Process Modeler Portable", "blackfog_privacy_lite.exe": "BlackFog Privacy Lite", "bacula_enterprise_portable.exe": "Bacula Enterprise Portable", "boilsoft_itunes_converter_portable.exe": "Boilsoft iTunes Converter Portable", "bizagi_enterprise_portable.exe": "Bizagi Enterprise Portable", "obex_file_transfer_portable.exe": "Bluetooth OBEX File Transfer Portable", "buzzbundle_enterprise_portable.exe": "BuzzBundle Enterprise Portable", "boilsoft_dvd_ripper.exe": "Boilsoft DVD Ripper", "battery_optimizer_portable.exe": "Battery Optimizer Portable", "bitmeter_os_portable.exe": "BitMeter OS Portable", "boilsoft_apple_music_converter_portable.exe": "Boilsoft Apple Music Converter Portable", "bricscad_platinum.exe": "BricsCAD Platinum", "blackfog_privacy_enterprise.exe": "BlackFog Privacy Enterprise", "blackbelt_antivirus_portable.exe": "BlackBelt AntiVirus Portable", "bacula_community_portable.exe": "Bacula Community Portable", "boilsoft_audio_splitter.exe": "Boilsoft Audio Splitter", "bizagi_modeler_portable.exe": "Bizagi Modeler Portable", "boilsoft_audio_converter_portable.exe": "Boilsoft Audio Converter Portable", "bluephoneelite_portable.exe": "BluephoneElite Portable", "chrome.exe": "Google Chrome", "webex.exe": "Cisco WebEx", "receiver.exe": "Citrix Receiver", "ccleaner.exe": "CCleaner", "coreldraw.exe": "CorelDRAW", "camtasia.exe": "Camtasia", "cyberduck.exe": "Cyberduck", "code.exe": "Visual Studio Code", "camstudio.exe": "CamStudio", "camfrog.exe": "Camfrog", "calibre.exe": "Calibre", "cmake-gui.exe": "CMake", "camtasia32.exe": "Camtasia Studio", "clementine.exe": "Clementine", "crystaldiskinfo.exe": "CrystalDiskInfo", "cfp.exe": "Comodo Firewall", "composer.exe": "PHP Composer", "coda.exe": "Coda", "pdr.exe": "PowerDirector", "clonezilla.exe": "Clonezilla", "core temp.exe": "Core Temp", "crw32.exe": "Crystal Reports", "cuteftp.exe": "CuteFTP", "cinema 4d.exe": "Cinema 4D", "cura.exe": "Cura", "camscanner.exe": "CamScanner", "painter.exe": "Corel Painter", "confluence.exe": "Confluence", "cubase.exe": "Cubase", "cockatrice.exe": "Cockatrice", "cakewalk.exe": "Cakewalk", "cubicsdr.exe": "CubicSDR", "chameleon.exe": "Chameleon", "cpuz.exe": "CPU-Z", "camcard.exe": "CamCard", "crashplan.exe": "CrashPlan", "citrixworkspace.exe": "Citrix Workspace", "cfusion.exe": "ColdFusion", "camtwist.exe": "CamTwist", "youcam.exe": "CyberLink YouCam", "camino.exe": "Camino", "coreftp.exe": "Core FTP", "captureone.exe": "Capture One", "svn.exe": "CollabNet Subversion", "codeigniter.exe": "CodeIgniter", "clipstudiopaint.exe": "Clip Studio Paint", "copytranscontrolcenter.exe": "CopyTrans", "cdburnerxp.exe": "CDBurnerXP", "camtasiaplayer.exe": "Camtasia Player", "ccstudio.exe": "Code Composer Studio", "cloudcompare.exe": "CloudCompare", "cinegyair.exe": "Cinegy Air", "camcodec.exe": "CamStudio Lossless Codec", "cdbf.exe": "CDBF - DBF Viewer and Editor", "clickcharts.exe": "ClickCharts", "campaignmonitor.exe": "Campaign Monitor", "rdpclip.exe": "CredSSP", "cube.exe": "Cube World", "cleanmaster.exe": "Clean Master", "cutewriter.exe": "CutePDF", "ccproxy.exe": "CCProxy", "ntrtscan.exe": "Computer Associates", "conhost.exe": "Console", "chromoting_host.exe": "Chrome Remote Desktop", "camwizard.exe": "Cam Wizard", "compmgmtlauncher.exe": "Computer Management", "hwmonitor.exe": "HWMonitor", "cavwp.exe": "Comodo Antivirus", "packettracer.exe": "Packet Tracer", "camorama.exe": "Camorama", "camstudioportable.exe": "CamStudio Portable", "conemu.exe": "ConEmu", "cipc.exe": "Cisco IP Communicator", "cuteftppro.exe": "CuteFTP Pro", "crossftp.exe": "CrossFTP", "cubaseleai.exe": "Cubase LE", "wfica32.exe": "Citrix ICA Client", "corelpp.exe": "Corel Photo-Paint", "cemu.exe": "Cemu", "cameracontrolpro.exe": "Camera Control Pro", "vstudio.exe": "Corel VideoStudio", "cyberghost.exe": "CyberGhost VPN", "codelite.exe": "CodeLite", "ciscoconf.exe": "Cisco Configuration", "cbbackup.exe": "CloudBerry Backup", "csved.exe": "CSVed", "cintanotes.exe": "CintaNotes", "cmaptools.exe": "CmapTools", "asdm-launcher.exe": "Cisco ASDM", "trgui.exe": "Check Point Endpoint Security", "uninstalltool.exe": "CrystalIDEA Uninstall Tool", "crystalplayer.exe": "Crystal Player", "cma.exe": "Content Manager Assistant", "camrecorder.exe": "Camtasia Recorder", "clamwin.exe": "ClamWin Free Antivirus", "catstart.exe": "Dassault Systemes CATIA", "corsairlink4.exe": "Corsair Link", "cloudme.exe": "CloudMe", "chipgenius.exe": "ChipGenius", "crossover.exe": "CrossOver", "cdac15ba.exe": "Canon Utilities", "dropbox.exe": "Dropbox", "discord.exe": "Discord", "docker.exe": "Docker", "eclipse.exe": "Eclipse", "vlc.exe": "VLC Media Player", "davinci resolve.exe": "DaVinci Resolve", "dbeaver.exe": "DBeaver", "deluge.exe": "Deluge", "dxdiag.exe": "DirectX Control Panel", "natspeak.exe": "Dragon NaturallySpeaking", "dtagent.exe": "Daemon Tools", "deepl.exe": "DeepL", "doublecmd.exe": "Double Commander", "cleanmgr.exe": "Disk Cleanup", "cureit.exe": "Dr.Web CureIt!", "devcpp.exe": "Dev-C++", "divxplayer.exe": "DivX Player", "diskutility.exe": "Disk Utility", "dynupdater.exe": "DynDNS Updater", "dazstudio.exe": "DAZ Studio", "dashlane.exe": "Dashlane", "dragon center.exe": "Dragon Center", "dexpot.exe": "Dexpot", "digsby.exe": "Digsby", "dsm.exe": "DesignSpark Mechanical", "ditto.exe": "Ditto", "doxillion.exe": "Doxillion", "dscaler.exe": "DScaler", "dragonframe.exe": "DragonFrame", "diskdrill.exe": "Disk Drill", "d3dgear.exe": "D3DGear", "dwsim.exe": "DWSIM", "diskimagemounter.exe": "DiskImageMounter", "duplicatecleaner.exe": "Duplicate Cleaner", "deskscapes.exe": "DeskScapes", "dap.exe": "Download Accelerator Plus", "diskwarrior.exe": "DiskWarrior", "dbvis.exe": "DbVisualizer", "draftsight.exe": "DraftSight", "drexplain.exe": "Dr.Explain", "dia.exe": "DIA", "desmume.exe": "DeSmuME", "dvdfab.exe": "DVDFab", "namebench.exe": "DNS Benchmark", "designbuilder.exe": "DesignBuilder", "webcam.exe": "DeskShare WebCam Monitor", "dvdflick.exe": "DVD Flick", "dvdshrink.exe": "DVDShrink", "ds4windows.exe": "DS4Windows", "datagrip.exe": "DataGrip", "dumo.exe": "DUMo", "db browser for sqlite.exe": "DB Browser for SQLite", "daedalus.exe": "Daedalus", "droidcamapp.exe": "DroidCam", "dosbox.exe": "DOSBox", "dbpa.exe": "dBpoweramp", "diskboss.exe": "DiskBoss", "dopus.exe": "Directory Opus", "dukto.exe": "Dukto R6", "drivergenius.exe": "Driver Genius", "dvdstyler.exe": "DVDStyler", "diskgenius.exe": "DiskGenius", "dvdfab player.exe": "DVDFab Player", "draftable.exe": "Draftable Desktop", "digicad3d.exe": "DigiCad 3D", "drfone.exe": "Dr.Fone", "dxtory.exe": "Dxtory", "datarescue.exe": "Data Rescue", "dotnetbarmanager.exe": "DotNetBar", "diskcryptor.exe": "DiskCryptor", "dynatrace.exe": "Dynatrace", "passwordhub.exe": "Devolutions Password Hub", "coderush.exe": "DevExpress CodeRush", "dxo.photolab.exe": "DxO PhotoLab", "drivebender.exe": "Drive Bender", "df5serv.exe": "Deep Freeze", "desmos.exe": "Desmos", "deepburner.exe": "DeepBurner", "delphi.exe": "Delphi", "dwarksp.exe": "Dr.Web Security Space", "dvbviewer.exe": "DVBViewer", "dolphin.exe": "Dolphin Emulator", "spyderutility.exe": "Datacolor Spyder", "drivermax.exe": "DriverMax", "darktable.exe": "Darktable", "docketwise.exe": "Docketwise", "dk.exe": "Dungeon Keeper", "droid4x.exe": "Droid4X", "eocapp.exe": "Divinity: Original Sin", "docker desktop.exe": "Docker Desktop", "diablo iii.exe": "Diablo III", "dash.exe": "Dash", "drawpile.exe": "Drawpile", "dolbyaccess.exe": "Dolby Access", "disksavvy.exe": "DiskSavvy", "duet.exe": "Duet Display", "desktopok.exe": "DesktopOK", "discourse.exe": "Discourse", "recovery.exe": "DiskInternals Partition Recovery", "dji assistant 2.exe": "DJI Assistant 2", "dtaskmanager.exe": "DTaskManager", "digital performer.exe": "Digital Performer", "dtlite.exe": "Daemon Tools Lite", "dbupdate.exe": "Driver Booster", "dxo opticspro.exe": "DxO OpticsPro", "dban.exe": "DBAN", "digitaleditions.exe": "Digital Editions", "dxwnd.exe": "DXWnd", "driveimagexml.exe": "DriveImage XML", "desktopinfo.exe": "Desktop Info", "defraggler.exe": "Defraggler", "drfolder.exe": "Dr. Folder", "remotedesktopmanager.exe": "Devolutions Remote Desktop Manager", "drawboardpdf.exe": "Drawboard PDF", "dinocapture.exe": "Dino Capture", "excel.exe": "Microsoft Excel", "evernote.exe": "Evernote", "egui.exe": "NOD32 Antivirus", "msedge.exe": "Microsoft Edge", "excelcnv.exe": "Excel Viewer", "expressvpn.exe": "ExpressVPN", "easybcd.exe": "EasyBCD", "evince.exe": "Evince", "escndv.exe": "Epson Scan", "mailclient.exe": "eM Client", "eagleget.exe": "EagleGet", "earthview.exe": "EarthView", "eventvwr.exe": "Event Viewer", "emeditor.exe": "EmEditor", "emule.exe": "Emule", "eudora.exe": "Eudora", "easyworship.exe": "EasyWorship", "exactaudiocopy.exe": "Exact Audio Copy", "evernoteclipper.exe": "Evernote Web Clipper", "explorer++.exe": "Explorer++", "edrawings.exe": "eDrawings", "epm.exe": "EaseUS Partition Master", "onlinescannerapp.exe": "ESET Online Scanner", "eraser.exe": "Eraser", "exescope.exe": "eXeScope", "editplus.exe": "EditPlus", "easyeda.exe": "EasyEDA", "epsxe.exe": "ePSXe", "ea.exe": "Enterprise Architect", "everything.exe": "Everything", "sysinspector.exe": "ESET SysInspector", "drw.exe": "EaseUS Data Recovery Wizard", "todobackup.exe": "EaseUS Todo Backup", "ekrn.exe": "ESET Smart Security", "gamecapture.exe": "GameCapture", "epicgameslauncher.exe": "Epic Games Launcher", "endnote.exe": "EndNote", "easygifanimator.exe": "Easy GIF Animator", "a2guard.exe": "Emsisoft Anti-Malware", "editpad.exe": "EditPad Lite", "emp_np.exe": "EasyMP Network Projection", "ezcd.exe": "EZ CD Audio Converter", "evd.exe": "Easy Video Downloader", "earthtime.exe": "EarthTime", "a2emergencykit.exe": "Emsisoft Emergency Kit", "a2cmd.exe": "Emsisoft Commandline Scanner", "encryptonclick.exe": "EncryptOnClick", "epcdlauncher.exe": "EPSON Print CD", "eurotrucks2.exe": "Euro Truck Simulator 2", "phonebreaker.exe": "Elcomsoft Phone Breaker", "firefox.exe": "Mozilla Firefox", "filezilla.exe": "FileZilla", "foxitreader.exe": "Foxit Reader", "fdm.exe": "Free Download Manager", "frostwire.exe": "FrostWire", "fl.exe": "FL Studio", "freefilesync.exe": "FreeFileSync", "fraps.exe": "Fraps", "foobar2000.exe": "Foobar2000", "feeddemon.exe": "FeedDemon", "fsviewer.exe": "FastStone Image Viewer", "formatfactory.exe": "Format Factory", "freecad.exe": "FreeCAD", "freeocr.exe": "FreeOCR", "freevideoconverter.exe": "Free Video Converter", "fotosketcher.exe": "FotoSketcher", "freemakevc.exe": "Freemake Video Converter", "fp.exe": "Free Pascal", "filezillaserver.exe": "FileZilla Server", "fastcopy.exe": "FastCopy", "fbserver.exe": "Firebird", "freecommander.exe": "FreeCommander", "freemind.exe": "FreeMind", "fscapture.exe": "FastStone Capture", "findreplaceit.exe": "Find and Replace It!", "freerip.exe": "FreeRIP", "freeytd.exe": "Free YouTube Download", "freemiumpdf.exe": "Freemium PDF", "freestudio.exe": "Free Studio", "focuswriter.exe": "FocusWriter", "fileviewerlite.exe": "File Viewer Lite", "finaldraft.exe": "Final Draft", "freemp3cutterjoiner.exe": "Free Mp3 Cutter Joiner", "flowchartmaker.exe": "Flowchart Maker", "freehidefolder.exe": "Free Hide Folder", "freefileunlocker.exe": "Free File Unlocker", "freefixer.exe": "FreeFixer", "freepiano.exe": "FreePiano", "fastipchanger.exe": "Fast IP Changer", "filelocatorpro.exe": "FileLocator Pro", "frhed.exe": "Frhed", "ftpvoyager.exe": "FTP Voyager", "freevideoeditor.exe": "Free Video Editor", "freefilesyncportable.exe": "FreeFileSync Portable", "fgfs.exe": "FlightGear", "freegate.exe": "Freegate", "freedvdripper.exe": "Free DVD Ripper", "fdmportable.exe": "Free Download Manager Portable", "fusion360.exe": "Fusion 360", "flashget.exe": "FlashGet", "fastestvd.exe": "Fastest Video Downloader", "freephotoviewer.exe": "Free Photo Viewer", "fusioninventoryagent.exe": "FusionInventory Agent", "filebot.exe": "FileBot", "maxview.exe": "FastStone MaxView", "fastkeys.exe": "FastKeys", "firealpaca.exe": "FireAlpaca", "freeaudioconverter.exe": "Free Audio Converter", "freespace.exe": "FreeSpace", "freeundelete.exe": "Free Undelete", "freeplane.exe": "Freeplane", "foldersize.exe": "Folder Size", "freemoviedvdmaker.exe": "Free Movie DVD Maker", "freemorevideotogif.exe": "Freemore Video to GIF Converter", "freevcdj.exe": "Free Video Cutter Joiner", "feedreader.exe": "FeedReader", "fotor.exe": "Fotor", "freedvdburner.exe": "Free DVD Burner", "freewindowstuner.exe": "Free Windows Tuner", "freealarmclock.exe": "FreeAlarmClock", "freepcaudit.exe": "Free PC Audit", "freegate_expert.exe": "Freegate Expert Edition", "freemp3recorder.exe": "Free MP3 Recorder", "freevideocutter.exe": "Free Video Cutter", "freshdiagnose.exe": "Fresh Diagnose", "slimbrowser.exe": "FlashPeak SlimBrowser", "ftprush.exe": "FTP Rush", "fastpictureviewer.exe": "FastPictureViewer", "free-recorder.exe": "Free-Recorder", "fileshredder.exe": "File Shredder", "freeisoburner.exe": "Free ISO Burner", "freesoundrecorder.exe": "Free Sound Recorder", "freehddled.exe": "Free HDD LED", "freeimageconvertresize.exe": "Free Image Convert and Resize", "fileassassin.exe": "FileASSASSIN", "filerenamerbasic.exe": "File Renamer Basic", "freemp4videoconverter.exe": "Free MP4 Video Converter", "folderguard.exe": "Folder Guard", "freemp3cuttereditor.exe": "Free MP3 Cutter and Editor", "fastdff.exe": "Fast Duplicate File Finder", "freevideocallrecorderskype.exe": "Free Video Call Recorder for Skype", "fsresizer.exe": "FastStone Photo Resizer", "fbackup.exe": "FBackup", "freeipscanner.exe": "Free IP Scanner", "freeeasyburner.exe": "Free Easy Burner", "freehtmleditor.exe": "Free HTML Editor", "flashdevelop.exe": "FlashDevelop", "freetime.exe": "FreeTime", "freecommanderxe.exe": "FreeCommander XE", "freestudiomanager.exe": "FreeStudio Manager", "freesoundeditor.exe": "Free Sound Editor", "freemackeylogger.exe": "Free Mac Keylogger", "freevideojoiner.exe": "Free Video Joiner", "freemp4converter.exe": "Free MP4 Converter", "filerepair.exe": "File Repair", "freeipscannerportable.exe": "Free IP Scanner Portable", "freeopener.exe": "Free Opener", "fences.exe": "Fences", "fritzing.exe": "Fritzing", "freeaudioeditor.exe": "Free Audio Editor", "fsviewerportable.exe": "FastStone Image Viewer Portable", "freeblurayripper.exe": "Free Blu-ray Ripper", "foxmail.exe": "Foxmail", "freemakeac.exe": "Freemake Audio Converter", "freemp3cutter.exe": "Free MP3 Cutter", "freerarextractfrog.exe": "Free RAR Extract Frog", "fastfilefinder.exe": "Fast File Finder", "freefilesyncu3.exe": "FreeFileSync U3", "freem4atomp3converter.exe": "Free M4a to MP3 Converter", "freediscburner.exe": "Free Disc Burner", "freeisocreator.exe": "Free ISO Creator", "fbackupportable.exe": "FBackup Portable", "freevfc.exe": "Free Video to Flash Converter", "filezilla_portable.exe": "Filezilla Portable", "fsecure.exe": "F-Secure", "freevd.exe": "Free Video Downloader", "freeciv.exe": "FreeCiv", "folderprotect.exe": "Folder Protect", "freescreenrecorder.exe": "Free Screen Recorder", "filerenamerturbo.exe": "File Renamer Turbo", "freedvddecrypter.exe": "Free DVD Decrypter", "folderlock.exe": "Folder Lock", "freepdfreader.exe": "Free PDF Reader", "freeyttomp3.exe": "Free YouTube to MP3 Converter", "freecam.exe": "FreeCam", "flashmemorytoolkit.exe": "Flash Memory Toolkit", "freecommanderportable.exe": "FreeCommander Portable", "freemusicconverter.exe": "Free Music Converter", "freevctomp4.exe": "Free Video Converter to MP4", "freefilerecovery.exe": "Free File Recovery", "fsresizerportable.exe": "FastStone Photo Resizer Portable", "freevtomp3.exe": "Free Video to MP3 Converter", "freeepubreader.exe": "Free ePub Reader", "freewifihotspot.exe": "Free WiFi Hotspot", "firedaemon.exe": "FireDaemon", "freestickynotes.exe": "Free Sticky Notes", "fileanalyzer.exe": "File Analyzer", "freeebookreader.exe": "Free eBook Reader", "freeautoclicker.exe": "Free Auto Clicker", "freevideodub.exe": "Free Video Dub", "f-droid.exe": "F-Droid", "freetorrentdownload.exe": "Free Torrent Download", "freedwgviewer.exe": "Free DWG Viewer", "flashtool.exe": "FlashTool", "free3dvideomaker.exe": "Free 3D Video Maker", "freemp3cdburner.exe": "Free MP3 CD Burner", "freevideoplayer.exe": "Free Video Player", "freeradioplayer.exe": "Free Online Radio Player", "freeregistrycleaner.exe": "Free Window Registry Cleaner", "fastvideodownloader.exe": "Fast Video Downloader", "fileviewerplus.exe": "File Viewer Plus", "freepdftoword.exe": "Free PDF to Word Converter", "freecountdowntimer.exe": "Free Countdown Timer", "freemergemp3.exe": "Free Merge MP3", "freesudokupuzzle.exe": "Free Sudoku Puzzle", "freeundeleteportable.exe": "FreeUndelete Portable", "freebatchvc.exe": "Free Batch Video Converter", "freevideoeditorportable.exe": "Free Video Editor Portable", "freecdripper.exe": "Free CD Ripper", "foldermerge.exe": "FolderMerge", "freevideofliprotate.exe": "Free Video Flip and Rotate", "freetexteditor.exe": "Free Text Editor", "freediskanalyzer.exe": "Free Disk Analyzer", "freemp3recorderportable.exe": "Free MP3 Recorder Portable", "freeaudiocdburner.exe": "Free Audio CD Burner", "freeinternetwasher.exe": "Free Internet Window Washer", "freepictureviewer.exe": "Free Picture Viewer", "freeandroiddatarecovery.exe": "Free Android Data Recovery", "freememoryoptimizer.exe": "Free Memory Optimizer", "freepccleaner.exe": "Free PC Cleaner", "free3dphotomaker.exe": "Free 3D Photo Maker", "freeaudiorecorder.exe": "Free Audio Recorder", "freevtoaudio.exe": "Free Video to Audio Converter", "freegifanimator.exe": "Free GIF Animator", "gimp-2.10.exe": "GIMP", "gom.exe": "GOM Player", "git.exe": "Git", "geogebra.exe": "GeoGebra", "gpu-z.exe": "GPU-Z", "goldwave.exe": "GoldWave", "goodsync.exe": "GoodSync", "glasswire.exe": "GlassWire", "greenshot.exe": "Greenshot", "gparted.exe": "GParted", "googledrivesync.exe": "Google Drive", "gamemakerstudio.exe": "GameMaker Studio", "integrator.exe": "Glary Utilities", "g2mstart.exe": "GoToMeeting", "graph.exe": "Graph", "gg.exe": "Gadu-Gadu", "genymotion.exe": "Genymotion", "galaxyclient.exe": "GOG Galaxy", "gswin32c.exe": "Ghostscript", "githubdesktop.exe": "GitHub Desktop", "gdb.exe": "GetDataBack", "printscreen.exe": "Gadwin PrintScreen", "gns3.exe": "GNS3", "gsmartcontrol.exe": "GSmartControl", "gameranger.exe": "GameRanger", "gpg4win.exe": "Gpg4win", "gamespyarcade.exe": "GameSpy Arcade", "getflv.exe": "GetFLV", "greenbrowser.exe": "GreenBrowser", "gravitdesigner.exe": "Gravit Designer", "googleearth.exe": "Google Earth", "gameex.exe": "GameEx", "guitarpro.exe": "Guitar Pro", "gimagereader.exe": "GImageReader", "ganttproject.exe": "GanttProject", "goldendict.exe": "GoldenDict", "express.exe": "Garmin Express", "gamebooster.exe": "Game Booster", "geostudio.exe": "GeoStudio", "gamesavemanager.exe": "GameSave Manager", "recovermyfiles.exe": "GetData Recover My Files", "genstat.exe": "Genstat", "greenfoot.exe": "Greenfoot", "ghostery.exe": "Ghostery", "getright.exe": "GetRight", "musicmanager.exe": "Google Music Manager", "spread.exe": "GrapeCity Spread", "gear.exe": "Gear Software", "graphcalc.exe": "Graphing Calculator", "gconvert.exe": "GConvert", "goproquik.exe": "GoPro Quik", "kleopatra.exe": "Gpg4win Kleopatra", "guardingvision.exe": "Guarding Vision", "groupmail.exe": "GroupMail", "ganttcontrol.exe": "Gantt Control", "gomencoder.exe": "GOM Encoder", "glyphdesigner.exe": "Glyph Designer", "gamecam.exe": "Game Cam", "gsm.exe": "GameSave Manager", "gocontactsyncmod.exe": "GoContact Sync Mod", "sketchup.exe": "SketchUp", "diskcleaner.exe": "Glary Disk Cleaner", "ghostscript.exe": "Ghostscript", "gfie.exe": "Greenfish Icon Editor Pro", "hangouts.exe": "Google Hangouts", "guardbrowser.exe": "Guard Browser", "geoserver.exe": "GeoServer", "gnumeric.exe": "Gnumeric", "grapher.exe": "Golden Software Grapher", "geoda.exe": "GeoDa", "gpodder.exe": "gPodder", "gooncam.exe": "GoonCam", "goanywheremft.exe": "GoAnywhere MFT", "gommixpro.exe": "GOM Mix Pro", "gaaihoreader.exe": "Gaaiho PDF Reader", "gib edi.exe": "GIB Edi", "gagglemail.exe": "Gaggle Mail", "ghosttownadventures.exe": "Ghost Town Adventures", "graphicsmagick.exe": "GraphicsMagick", "goodnotes.exe": "GoodNotes", "grabtext.exe": "Grab Text", "geekbench.exe": "Geekbench", "easymail.exe": "G-Lock EasyMail", "geovision.exe": "GeoVision", "cleopatra.exe": "Gpg4win Cleopatra", "gpsutility.exe": "GPS Utility", "backupandsync.exe": "Google Backup and Sync", "gridinsoft.exe": "GridinSoft Anti-Malware", "graphingcalculator3d.exe": "Graphing Calculator 3D", "gesturesign.exe": "GestureSign", "ganttchartmaker.exe": "Gantt Chart Maker", "gdbntfs.exe": "GetDataBack for NTFS", "gstarcad.exe": "GstarCAD", "gomcam.exe": "GOM Cam", "gpu_shark.exe": "GPU Shark", "gitkraken.exe": "GitKraken", "comrade.exe": "GameSpy Comrade", "ganttprojectportable.exe": "GanttProject Portable", "goldenratio.exe": "Golden Ratio", "getflvportable.exe": "GetFLV Portable", "gimp-portable.exe": "GIMP Portable", "ghostcontrol.exe": "Ghost Control", "gotiengviet.exe": "GoTiengViet", "gale.exe": "GraphicsGale", "gomencoderportable.exe": "GOM Encoder Portable", "gamehousegames.exe": "GameHouse Games Collection", "gotomypc.exe": "GoToMyPC", "googleearth_pro.exe": "Google Earth Pro", "geovisionss.exe": "GeoVision Surveillance System", "printscreenportable.exe": "Gadwin PrintScreen Portable", "ghostscript_portable.exe": "Ghostscript Portable", "githubportable.exe": "GitHub Portable", "googletalk.exe": "Google Talk", "gdataav.exe": "G-DATA AntiVirus", "gameforgelive.exe": "Gameforge Live", "gsaimageanalyser.exe": "GSA Image Analyser", "gomaudio.exe": "GOM Audio", "gamejackal.exe": "GameJackal", "gabedit.exe": "Gabedit", "glasswirefree.exe": "GlassWire Free Firewall", "googlewebdesigner.exe": "Google Web Designer", "grecorder.exe": "G-Recorder", "ghostinthesheet.exe": "Ghost in the Sheet", "getgodm.exe": "GetGo Download Manager", "ghosterybrowser.exe": "Ghostery Privacy Browser", "grabit.exe": "GrabIt", "gparted_live.exe": "Gnome Partition Editor", "gpxeditor.exe": "GPX Editor", "gsaimagespider.exe": "GSA Image Spider", "goldwaveportable.exe": "GoldWave Portable", "getflvfree.exe": "GetFLV Free", "gfwl.exe": "Games for Windows Live", "gsaautosoftsubmit.exe": "GSA Auto SoftSubmit", "grabilla.exe": "Grabilla", "geekuninstaller.exe": "GeekUninstaller", "ghostmouse.exe": "Ghost Mouse", "ganttchart.exe": "Gantt Chart", "garageband.exe": "GarageBand", "ganttchartwg.exe": "Gantt Chart for Workgroup", "gamesalad.exe": "GameSalad", "gomaudioportable.exe": "GOM Audio Portable", "gdatais.exe": "G Data Internet Security", "gpg.exe": "GNU Privacy Guard", "geany.exe": "Geany", "spamcombat.exe": "G-Lock SpamCombat", "gizmodrive.exe": "Gizmo Drive", "guardaxon.exe": "GuardAxon", "prism.exe": "GraphPad Prism", "glockanalytics.exe": "G-Lock Analytics", "gaaihosuite.exe": "Gaaiho PDF Suite", "geekplay.exe": "GeekPlay", "geovisionnvr.exe": "GeoVision NVR", "ghostmouseautoclicker.exe": "Ghost Mouse Auto Clicker", "getfoldersize.exe": "GetFoldersize", "goldenftpserver.exe": "Golden FTP Server", "gimx.exe": "GIMX", "googledesktop.exe": "Google Desktop", "gap.exe": "GIMP Animation Package", "grblcontroller.exe": "Grbl Controller", "gradeproof.exe": "GradeProof", "git-portable.exe": "Git Portable", "guitartools.exe": "Guitar Tools", "gsmportable.exe": "GameSave Manager Portable", "gpac.exe": "GPAC", "gifcam.exe": "GifCam", "nikcollection.exe": "Google Nik Collection", "groundcontrol.exe": "Ground Control", "ghostbuster.exe": "GhostBuster", "grabpro.exe": "Grab Pro", "gsn.exe": "Golden Section Notes", "easymail7.exe": "G-Lock EasyMail7", "sketchupportable.exe": "Google SketchUp Portable", "gravitationalplatform.exe": "Gravitational Platform", "graphicsconverterpro.exe": "Graphics Converter Pro", "gofrugal.exe": "Gofrugal Technologies", "googleupdater.exe": "Google Updater", "gifresizer.exe": "GIF Resizer", "gburner.exe": "gBurner", "gparted_portable.exe": "GParted Portable", "g-tune.exe": "G-Tune", "greenstone.exe": "Greenstone Digital Library", "goldwaveeditorpro.exe": "GoldWave Editor Pro", "getflvlite.exe": "GetFLV Lite", "gifrecorder.exe": "Gif Recorder", "googletranslatedesktop.exe": "Google Translate Desktop", "gotomeetingportable.exe": "GoToMeeting Portable", "hss.exe": "Hotspot Shield", "handbrake.exe": "HandBrake", "heidisql.exe": "HeidiSQL", "hwinfo.exe": "HWiNFO", "hxd.exe": "HxD Hex Editor", "hjsplit.exe": "HJSplit", "hashtab.exe": "HashTab", "hypersnap.exe": "HyperSnap", "hitmanpro.exe": "HitmanPro", "homebank.exe": "HomeBank", "hijackthis.exe": "HijackThis", "hydrogen.exe": "Hydrogen", "hamachi-2.exe": "Hamachi", "hovercam.exe": "HoverCam", "hotpot.exe": "HotPotatoes", "hypertrm.exe": "HyperTerminal", "honeyview.exe": "Honeyview", "hycam.exe": "HyperCam", "hashmyfiles.exe": "HashMyFiles", "hdclone.exe": "HDClone", "hostinger.exe": "Hostinger", "hdtune.exe": "HD Tune", "hugin.exe": "Hugin", "hipchat.exe": "HipChat", "healthmonitor.exe": "HealthMonitor", "hotvk.exe": "Hot Virtual Keyboard", "hightail.exe": "Hightail", "helium.exe": "Helium Music Manager", "hdsentinel.exe": "Hard Disk Sentinel", "handsetmanager.exe": "HandSet Manager", "hxd_portable.exe": "HxD Portable", "hitfilmexpress.exe": "HitFilm Express", "hddscan.exe": "HDDScan", "hostapd.exe": "Hostapd", "hapedit.exe": "HAPedit", "hashcalc.exe": "HashCalc", "hexworkshop.exe": "Hex Workshop", "hcc.exe": "Heatsoft Clone Cleaner", "hdcleaner.exe": "HDCleaner", "hss_portable.exe": "Hotspot Shield Portable", "hyperion.exe": "Hyperion", "hyperv.exe": "Hyper-V Manager", "homeseer.exe": "HomeSeer", "hydrairc.exe": "HydraIRC", "hooker.exe": "Hooker", "hyperspace.exe": "Hyperspace", "hxcfloppyemulator.exe": "HxC Floppy Emulator", "hotcputesterpro.exe": "Hot CPU Tester Pro", "hdvideoconverter.exe": "HD Video Converter Factory", "heliospaint.exe": "Helios Paint", "homestead.exe": "Homestead", "helium10.exe": "Helium 10", "hawksoft.exe": "HawkSoft", "haalimediasplitter.exe": "Haali Media Splitter", "hssviewer.exe": "HSS Viewer", "hypersnapportable.exe": "HyperSnap Portable", "hddinsp.exe": "Hard Drive Inspector", "haegemonia.exe": "Haegemonia", "httrack.exe": "HTTrack", "hostmon.exe": "HostMonitor", "hrsquickshipper.exe": "HRS QuickShipper", "hedgewars.exe": "Hedgewars", "ho.exe": "Hattrick Organizer", "homeassistant.exe": "Home Assistant", "hddregenerator.exe": "HDD Regenerator", "htmlkit.exe": "HTML-Kit", "hotkey.exe": "Hotkey Utility", "hotkeyz.exe": "HotKeyz", "hitpawscreenrecorder.exe": "HitPaw Screen Recorder", "housecall.exe": "HouseCall", "homeplanpro.exe": "Home Plan Pro", "hfsxplorer.exe": "HFSExplorer", "hdmanager.exe": "Hard Disk Manager", "helpndoc.exe": "HelpNDoc", "heliconfilter.exe": "Helicon Filter", "hexfiend.exe": "Hex Fiend", "hashtool.exe": "Hash Tool", "hydramouse.exe": "HydraMouse", "heidisql_portable.exe": "HeidiSQL Portable", "hddllf.exe": "HDD Low Level Format Tool", "htmlpad.exe": "HTMLPad", "handbrakeportable.exe": "HandBrake Portable", "hotkeysmanager.exe": "Hotkeys Manager", "hddrecoverypro.exe": "HDD Recovery Pro", "hss_free.exe": "Hotspot Shield Free", "healthfit.exe": "HealthFit", "hijackpro.exe": "HijackPro", "halite.exe": "Halite", "hl.exe": "HardLink Shell Extension", "healthdrive.exe": "HealthDrive", "hotfolder.exe": "HotFolder", "homeaccountz.exe": "Home Accountz", "hackthissite.exe": "HackThisSite", "hostfileeditor.exe": "HostFileEditor", "hprm.exe": "HP Recovery Manager", "historyviewer.exe": "History Viewer", "hrc.exe": "HotKey Resolution Changer", "hydrairc_portable.exe": "HydraIRC Portable", "hyperspaceportable.exe": "Hyperspace Portable", "hwinfo64.exe": "HWiNFO64", "hisuite.exe": "HiSuite", "hyper-v.exe": "Hyper-V", "hddregeneratorportable.exe": "HDD Regenerator Portable", "htsysteminfo.exe": "HT System Information", "hxcfloppyemulatorportable.exe": "HxC Floppy Emulator Portable", "hydra.exe": "Hydra", "hdtunepro.exe": "HD Tune Pro", "hycamportable.exe": "HyperCam Portable", "hypervguesttools.exe": "Hyper-V Guest Tools", "homebudget.exe": "Home Budget", "hfsplus.exe": "HFS+ for Windows", "hypertrm_portable.exe": "HyperTerminal Portable", "hippoanimator.exe": "Hippo Animator", "hugin_portable.exe": "Hugin Portable", "hashcalc_portable.exe": "HashCalc Portable", "hitpawtoolkit.exe": "HitPaw Toolkit", "hibituninstaller.exe": "HiBit Uninstaller", "hovercamportable.exe": "HoverCam Portable", "homeinventorypro.exe": "Home Inventory Pro", "hisecurity.exe": "Hi Security", "homeinventorymanager.exe": "Home Inventory Manager", "hlmv.exe": "HLMV", "h++.exe": "H++", "hddguardian.exe": "HDD Guardian", "hardwipe.exe": "Hardwipe", "hashtools.exe": "HashTools", "helix3.exe": "Helix3", "hdmictrl.exe": "HDMI Control", "hugintools.exe": "HuginTools", "homeplanproportable.exe": "Home Plan Pro Portable", "hoverip.exe": "HoverIP", "hostfilemanager.exe": "Host File Manager", "hddscanportable.exe": "HDDScan Portable", "html5converter.exe": "HTML5 Video Converter", "hotshots.exe": "HotShots", "hitmanproportable.exe": "HitmanPro Portable", "htatools.exe": "HT Accessibility Tools", "hypervmanagerportable.exe": "HyperV Manager Portable", "hostprocessanalyzer.exe": "Host Process Analyzer", "hostfilemanagerportable.exe": "HostFileManager Portable", "hddsafeguard.exe": "HDD Safeguard", "hiddenfolderfinder.exe": "Hidden Folder Finder", "hardcopy.exe": "HardCopy", "htvideosplitter.exe": "HT Video Splitter", "hwsensors.exe": "Hardware Sensors Monitor", "hypersonic.exe": "HyperSonic", "hdcleanerportable.exe": "HDCleaner Portable", "heliumaudioconverter.exe": "Helium Audio Converter", "heliport.exe": "HeliPort", "hyperjump.exe": "Hyperspace Jump", "handybackup.exe": "Handy Backup", "handycafe.exe": "HandyCafe", "happlayer.exe": "HAP Music Player", "hiqrecorder.exe": "Hi-Q Recorder", "hdcloneportable.exe": "HDClone Portable", "highpower.exe": "HighPower", "hivemind.exe": "HiveMind", "hddled.exe": "HDD LED", "hypercam2.exe": "HyperCam 2", "handshake.exe": "HandShake", "hotkeyz_portable.exe": "HotKeyz Portable", "hexchat.exe": "HexChat", "hexedit.exe": "HexEdit", "hbcd.exe": "Hiren's BootCD", "hapserver.exe": "HAP Music Server", "hddlife.exe": "HDDLife", "httpdownloader.exe": "HTTP Downloader", "handyman.exe": "Handyman", "hotdoortools.exe": "Hotdoor Tools", "hteditor.exe": "HT Editor", "homeinspectorpro.exe": "Home Inspector Pro", "hattrickcontrol.exe": "Hattrick Control", "hacknslash.exe": "Hack'n'Slash", "hxmusic.exe": "HxMusic Player", "htworksite.exe": "HTWorksite", "hottv.exe": "Hot TV", "hdatool.exe": "High Definition Audio Tool", "hitpawconverter.exe": "HitPaw Converter", "httrack_portable.exe": "HTTrack Portable", "hevcconverter.exe": "High Efficiency Video Converter", "handyfilefar.exe": "HandyFile Find and Replace", "heavyload.exe": "Heavyload", "hxhclient.exe": "HxHClient", "hitman2.exe": "Hitman 2", "hexworkshop_portable.exe": "Hex Workshop Portable", "hdwtools.exe": "HDW Tools", "homeserver.exe": "Home Server", "hfs3.exe": "HFS3", "hwdumper.exe": "HWDumper", "handymantoolbox.exe": "Handyman Toolbox", "htscodecpack.exe": "HTS Codec Pack", "hmaprovpn.exe": "HMA Pro VPN", "hxgfxeditor.exe": "HxGFX Editor", "iexplore.exe": "Internet Explorer", "itunes.exe": "iTunes", "inkscape.exe": "Inkscape", "idea.exe": "JetBrains IntelliJ IDEA", "i_view32.exe": "IrfanView", "imgburn.exe": "ImgBurn", "idman.exe": "Internet Download Manager", "instagram.exe": "Instagram", "inetmgr.exe": "Internet Information Services", "icloud.exe": "iCloud", "itunesstore.exe": "iTunes Store", "iobituninstaller.exe": "IObit Uninstaller", "isobuster.exe": "IsoBuster", "spss.exe": "IBM SPSS Statistics", "icq.exe": "ICQ", "insomnia.exe": "Insomnia", "imagemagick.exe": "ImageMagick", "idrive.exe": "IDrive", "im.exe": "Instant Messenger", "infopath.exe": "Microsoft InfoPath", "isobusterportable.exe": "IsoBuster Portable", "innosetup.exe": "Inno Setup", "ifttt.exe": "IFTTT", "iceweasel.exe": "Iceweasel", "instantclient.exe": "InstantClient", "internetsecurityessentials.exe": "Internet Security Essentials", "dsa.exe": "Intel Driver & Support Assistant", "ipscanner.exe": "IP Scanner", "isobuddy.exe": "ISOBuddy", "imgconvert.exe": "Image Converter", "intellipoint.exe": "IntelliPoint", "iskysoftvc.exe": "iSkysoft Video Converter", "icechat.exe": "IceChat", "infozip.exe": "Info-ZIP", "isocreator.exe": "IsoCreator", "i_view64.exe": "IrfanView Portable", "icafe.exe": "Internet Cafe Software", "iso2go.exe": "Iso2Go", "inktools.exe": "InkTools", "internetoptimizer.exe": "Internet Optimizer", "invoicemanager.exe": "Invoice Manager", "isoburn.exe": "IsoBurn", "imindmap.exe": "iMindMap", "isopatcher.exe": "IsoPatcher", "invoice2go.exe": "Invoice2go", "interbase.exe": "InterBase", "innoextractor.exe": "InnoExtractor", "eyedropper.exe": "Instant Eyedropper", "icofx.exe": "IcoFX", "iexplore_portable.exe": "Internet Explorer Portable", "incredimail.exe": "IncrediMail", "installshield.exe": "InstallShield", "pdfconverter.exe": "Icecream PDF Converter", "ipmessenger.exe": "IP Messenger", "instantdemo.exe": "Instant Demo", "instadwnld.exe": "Instagram Downloader", "driverbooster.exe": "IOBit Driver Booster", "imagej.exe": "ImageJ", "itopscreenrecorder.exe": "iTop Screen Recorder", "indesign.exe": "InDesign", "iar.exe": "IAR Embedded Workbench", "ivona.exe": "IVONA Text-to-Speech", "imclient.exe": "Instant Messaging", "ids.exe": "Instant Data Scraper", "instatools.exe": "InstaTools", "icr.exe": "Internet Connection Repair", "invoicer.exe": "Invoicer", "imtoo.exe": "ImTOO Video Converter", "icebergdrive.exe": "Iceberg Drive", "ispy.exe": "iSpy", "isoedit.exe": "IsoEdit", "instantrecovery.exe": "Instant Recovery", "idrivebackup.exe": "iDrive Backup", "imgburnportable.exe": "ImgBurn Portable", "instapic.exe": "InstaPic", "instantsupport.exe": "Instant Support", "incd.exe": "InCD", "ispro.exe": "Internet Security Pro", "inforapid.exe": "InfoRapid KnowledgeBase Builder", "instacleaner.exe": "Insta Cleaner", "inkjetprinter.exe": "Inkjet Printer Utility", "instabuilder.exe": "InstaBuilder", "icecreamvideoeditor.exe": "Icecream Video Editor", "speedtest.exe": "Internet Speed Test", "imageglass.exe": "ImageGlass", "isguard.exe": "Internet Security Guard", "instantwp.exe": "Instant WordPress", "invoicely.exe": "Invoicely", "ivd.exe": "Instant Video Downloader", "iceberg.exe": "Iceberg Software", "idvault.exe": "ID Vault", "iceageadventures.exe": "Ice Age Adventures", "imagegrabber.exe": "ImageGrabber", "instantfileopener.exe": "Instant File Opener", "knowledgemap.exe": "InfoRapid KnowledgeMap", "icmptool.exe": "ICMP Tool", "inbox.exe": "Inbox by Gmail", "instantreport.exe": "Instant Reporting", "watsonexplorer.exe": "IBM Watson Explorer", "inquisitor.exe": "Inquisitor", "imindq.exe": "iMindQ", "ice.exe": "Image Composite Editor", "ispringsuite.exe": "iSpring Suite", "isomaster.exe": "IsoMaster", "imgenlarger.exe": "Image Enlarger", "imgtools.exe": "ImgTools", "inetstat.exe": "InetStat", "invoicehome.exe": "Invoice Home", "isoworkshop.exe": "ISO Workshop", "inpage.exe": "Inpage", "instantmedia.exe": "Instant Media", "ibackup.exe": "IBackup", "icaros.exe": "Icaros Shell Extensions", "itranslate.exe": "iTranslate", "inboxzero.exe": "Inbox Zero", "imagus.exe": "Imagus", "invoicegen.exe": "Invoice Generator", "irotate.exe": "iRotate", "isopuzzle.exe": "IsoPuzzle", "iconpackager.exe": "IconPackager", "ilock.exe": "Internet Lock", "icash.exe": "iCash", "imageglassportable.exe": "ImageGlass Portable", "invisiblehand.exe": "InvisibleHand", "ietester.exe": "IETester", "icashportable.exe": "iCash Portable", "infrarecorder.exe": "InfraRecorder", "iograph.exe": "IOGraph", "iconchanger.exe": "IconChanger", "ibispaint.exe": "Ibis Paint", "ihv.exe": "Instant HTML Validator", "imgextractor.exe": "ImgExtractor", "isorecorder.exe": "IsoRecorder", "ishell.exe": "iShell", "isocat.exe": "IsoCat", "ibispaintx.exe": "Ibis Paint X", "instacollage.exe": "InstaCollage", "isbooster.exe": "Internet Speed Booster", "icollectibles.exe": "iCollectibles", "igsviewer.exe": "IGS Viewer", "inview.exe": "Inview", "infinitybook.exe": "Infinity Book", "insta360studio.exe": "Insta360 Studio", "intelburntest.exe": "Intel Burn Test", "iconbuilder.exe": "Icon Builder", "internettv.exe": "Internet TV", "isopatch.exe": "IsoPatch", "icorrect.exe": "iCorrect", "intellipdf.exe": "IntelliPDF", "ieffect.exe": "iEffect", "imgeditor.exe": "Image Editor", "ibackuppro.exe": "IBackup Professional", "imagetuner.exe": "Image Tuner", "instareport.exe": "InstaReport", "instalink.exe": "InstaLink", "ida.exe": "Internet Download Accelerator", "instamessage.exe": "InstaMessage", "iclean.exe": "iClean", "internetcyclone.exe": "Internet Cyclone", "infinityinstaller.exe": "Infinity Installer", "inboxcleaner.exe": "Inbox Cleaner", "infobrowser.exe": "InfoBrowser", "imds.exe": "Image MetaData Stripper", "imazing.exe": "iMazing", "infineontoolbox.exe": "Infineon Toolbox", "inboxcleanerpro.exe": "Inbox Cleaner Pro", "iconsucker.exe": "Icon Sucker", "infobag.exe": "InfoBag", "iseek.exe": "iSeek", "internetradio.exe": "Internet Radio", "ispringfree.exe": "iSpring Free", "iccapture.exe": "IC Capture", "instinvoice.exe": "Instant Invoice", "imobileviewer.exe": "Imobile Viewer", "jdownloader.exe": "JDownloader", "jetaudio.exe": "JetAudio", "joomla.exe": "Joomla!", "jira.exe": "JIRA", "jitsi.exe": "Jitsi", "pycharm.exe": "PyCharm", "webstorm.exe": "WebStorm", "jupyter-notebook.exe": "Jupyter Notebook", "rider.exe": "JetBrains Rider", "juicessh.exe": "JuiceSSH", "resharper.exe": "ReSharper", "jenkins.exe": "Jenkins", "jetphotostudio.exe": "JetPhoto Studio", "jdeveloper.exe": "JDeveloper", "jcreator.exe": "JCreator", "clion.exe": "JetBrains CLion", "jwplayer.exe": "JW FLV Media Player", "jalbum.exe": "JAlbum", "juicedefender.exe": "JuiceDefender", "jabref.exe": "JabRef", "jdownloader2.exe": "JDownloader 2", "javac.exe": "Java Development Kit (JDK)", "juiceshop.exe": "JuiceShop", "javaw.exe": "Oracle Java Runtime Environment", "jasp.exe": "JASP", "jdiscdiscovery.exe": "JDisc Discovery", "joytokey.exe": "JoyToKey", "jdownloaderportable.exe": "JDownloader Portable", "jfilerecovery.exe": "JFileRecovery", "jprofiler.exe": "JProfiler", "jdiskreport.exe": "JDiskReport", "jdarkroom.exe": "JDarkRoom", "jmol.exe": "Jmol", "jtrim.exe": "JTrim", "jwildfire.exe": "JWildfire", "juicereceiver.exe": "JuiceReceiver", "jetboost.exe": "JetBoost", "jmtorchestrator.exe": "JMT Orchestrator", "jaws.exe": "JAWS", "jpegview.exe": "JPEGView", "justincase.exe": "JustInCase", "jxplorer.exe": "JXplorer", "jsonedit.exe": "JSONedit", "j7z.exe": "J7Z", "jpexs.exe": "JPEXS Free Flash Decompiler", "javara.exe": "JavaRa", "josm.exe": "Java OpenStreetMap Editor (JOSM)", "jags.exe": "JAGS", "jwrite.exe": "JWrite", "jftp.exe": "JFTP", "jsesh.exe": "JSesh", "jdiscmediascan.exe": "JDisc MediaScan", "jruler.exe": "JRuler", "jutoh.exe": "Jutoh", "jxcalendar.exe": "JX Ovulation Calendar", "jaxx.exe": "Jaxx", "jaangle.exe": "Jaangle", "mediacenter.exe": "JRiver Media Center", "jphototagger.exe": "JPhotoTagger", "jmathplot.exe": "JMathPlot", "javap.exe": "Java Class File Editor", "jetaudiobasic.exe": "JetAudio Basic", "jcppedit.exe": "JCppEdit", "jotplus.exe": "Jot+", "jobulator.exe": "Jobulator", "juicebox.exe": "JuiceBox", "jmolviewer.exe": "JmolViewer", "jp2viewer.exe": "JP2Viewer", "jumpy.exe": "Jumpy", "jgrapht.exe": "JGraphT", "jdiscserver.exe": "JDisc Server", "juffed.exe": "JuffEd", "jamin.exe": "JAMin", "jdiscdatacollector.exe": "JDisc Data Collector", "jomsocial.exe": "JomSocial", "javacodeexport.exe": "Java Code Export", "jap.exe": "JAP", "jsoko.exe": "JSoko", "jmoleditor.exe": "JmolEditor", "jpg2pdf.exe": "Jpg to Pdf Converter", "jobscheduler.exe": "JobScheduler", "jumper.exe": "Jumper", "jskat.exe": "JSkat", "jscripteditor.exe": "JScript Editor", "jpad.exe": "JPAD", "jokes.exe": "Jokes", "jucevlc.exe": "JuceVLC", "jscript.exe": "JScript", "jcpicker.exe": "Just Color Picker", "jd-gui.exe": "JD-GUI", "jumplistsview.exe": "JumpListsView", "jpasswordrecovery.exe": "JPassword Recovery", "jem.exe": "JEM", "javaws.exe": "J2SE Runtime Environment", "jnotepad.exe": "JNotepad", "jwerty.exe": "Jwerty", "jotaro.exe": "Jotaro", "jide.exe": "Jide", "jasypt.exe": "Jasypt", "jetrocock.exe": "JetroCOCK", "jamocha.exe": "Jamocha", "keepass.exe": "KeePass", "kodi.exe": "Kodi", "kav.exe": "Kaspersky Security", "keyshot.exe": "KeyShot", "krita.exe": "Krita", "kicad.exe": "KiCad Portable", "komodo.exe": "Komodo Edit", "klcp_update.exe": "K-Lite Codec Pack", "kali.exe": "Kali Linux", "keynote.exe": "Keynote", "kdenlive.exe": "Kdenlive", "keepassxc.exe": "KeePassXC", "kingoroot.exe": "KingoRoot", "knime.exe": "KNIME", "keepassportable.exe": "KeePass Password Safe Portable", "keepassxcportable.exe": "KeePassXC Portable", "keyscrambler.exe": "KeyScrambler", "keeweb.exe": "KeeWeb", "kitty.exe": "KiTTY", "kdiff3.exe": "KDiff3", "kiwix.exe": "Kiwix", "krita-studio.exe": "Krita Studio", "kutools.exe": "Kutools for Excel", "kidlogger.exe": "KidLogger", "k-lite codec pack mega.exe": "K-Lite Mega Codec Pack", "kis.exe": "Kaspersky Internet Security", "kali-vm.exe": "Kali Linux VM", "kdenlive_portable.exe": "Kdenlive Portable", "kdevelop.exe": "KDevelop", "kdeconnect.exe": "KDE Connect", "koolmoves.exe": "KoolMoves", "kalkules.exe": "Kalkules", "kruptos2.exe": "Kruptos 2 Professional", "klok.exe": "Klok", "krita-desktop.exe": "Krita Desktop", "kompozer.exe": "KompoZer", "k9.exe": "K-9 Mail", "fusion.exe": "Kega Fusion", "kali-linux-rolling.exe": "Kali Linux Rolling", "kar.exe": "KAR Energy Software", "keka.exe": "Keka", "kompas-3d.exe": "KOMPAS-3D", "keytweak.exe": "KeyTweak", "kdenlive-portable.exe": "Kdenlive Portable", "keypass.exe": "KeyPass", "keyloggerdetector.exe": "Keylogger Detector", "kmymoney.exe": "KMyMoney", "kpm.exe": "Kaspersky Password Manager", "keyloggerhunter.exe": "Keylogger Hunter", "codectweaktool.exe": "K-Lite Codec Tweak Tool", "kingroot.exe": "KingRoot", "kicad-portable.exe": "KiCad Portable", "krd.exe": "Kaspersky Rescue Disk", "keystoreexplorer.exe": "KeyStore Explorer", "kidzprotection.exe": "Kidz Protection", "kgb_arch_win.exe": "KGB Archiver", "kiwisyslog.exe": "Kiwi Syslog Server", "karaoke5.exe": "Karaoke 5", "k-lite_codec_pack_mega.exe": "K-Lite Mega Codec Pack", "k9filter.exe": "K9 Web Protection", "nucleus.exe": "Kernel for Windows Data Recovery", "kernel.exe": "Kernel for Exchange Server", "kernel_pdf_repair.exe": "Kernel for PDF Repair", "kernel_pst_repair.exe": "Kernel for PST Repair", "keriocontrol.exe": "Kerio Control", "vpnclient.exe": "VPN Client", "kernel_sql_database.exe": "Kernel for SQL Database", "kernel_for_ost_to_pst.exe": "Kernel for OST to PST", "labview.exe": "LabVIEW", "lame.exe": "LAME", "pdflatex.exe": "LaTeX", "lmms.exe": "LMMS", "launchy.exe": "Launchy", "luminar.exe": "Luminar", "logmein.exe": "LogMeIn", "lua.exe": "Lua", "texmaker.exe": "LaTeX Editor", "littlesnitch.exe": "Little Snitch", "lightshot.exe": "LightShot", "lockhunter.exe": "LockHunter", "luminance-hdr.exe": "Luminance HDR", "lazesoftrecoverysuite.exe": "Lazesoft Recovery Suite", "lingoes.exe": "Lingoes", "logisim.exe": "Logisim", "librecad.exe": "LibreCAD", "lavfilters.exe": "LAV Filters", "losslesscut.exe": "LosslessCut", "lilypond.exe": "LilyPond", "lynx.exe": "Lynx", "livehome3d.exe": "Live Home 3D", "liquidcd.exe": "LiquidCD", "lanschool.exe": "LanSchool", "lximedia.exe": "LXiMedia", "luxcorerender.exe": "LuxCoreRender", "listary.exe": "Listary", "lrtimelapse.exe": "LRTimelapse", "loadui.exe": "LoadUI", "librepcb.exe": "LibrePCB", "lanspeedtest.exe": "LAN Speed Test", "livezilla.exe": "LiveZilla", "lazarus.exe": "Lazarus", "landdesktop.exe": "Land Desktop", "linguee.exe": "Linguee", "librarian.exe": "Librarian", "luminance.exe": "Luminance", "linkman.exe": "Linkman", "logviewplus.exe": "LogViewPlus", "linqpad.exe": "Linqpad", "lanmessenger.exe": "LAN Messenger", "lviewpro.exe": "LView Pro", "lightscreen.exe": "Lightscreen", "logexpert.exe": "LogExpert", "leechget.exe": "LeechGet", "live555mediaserver.exe": "Live555 Media Server", "lstserver.exe": "LST Server", "lpub3d.exe": "LPub3D", "lcore.exe": "Logitech Gaming Software", "livestreamstudio.exe": "Livestream Studio", "log4view.exe": "Log4View", "logisim-evolution.exe": "Logisim Evolution", "loaduipro.exe": "LoadUI Pro", "lanflow.exe": "LanFlow", "luratechcompressor.exe": "LuraTech PDF Compressor", "liquidstudio.exe": "Liquid Studio", "lavfiltersmegamix.exe": "LAV Filters Megamix", "lamexp.exe": "LameXP", "lnkcreator.exe": "LNKCreator", "ls2win.exe": "LS2Win", "lucidchart.exe": "Lucidchart", "rescuepro.exe": "LC Technology RescuePRO", "linkassistant.exe": "LinkAssistant", "lexpa.exe": "Lexpa", "limdep.exe": "LIMDEP", "lyx.exe": "LyX", "lview.exe": "LView", "lingonet.exe": "Lingonet", "labeljoy.exe": "LabelJoy", "legacy.exe": "Legacy Family Tree", "libby.exe": "Libby", "lollypop.exe": "Lollypop", "languagetool.exe": "Languagetool", "launchbox.exe": "LaunchBox", "longomatch.exe": "LongoMatch", "lecprog.exe": "Lecprog", "lumion.exe": "Lumion", "loancalc.exe": "Loan Calc", "lingo.exe": "Lingo", "lodestar.exe": "LodeStar", "linkmanpro.exe": "Linkman Pro", "buttonmaker.exe": "Liatro Button Maker", "livecode.exe": "LiveCode", "lepideauditor.exe": "LepideAuditor", "livechat.exe": "LiveChat", "lookatlan.exe": "Look@LAN", "logiccircuit.exe": "LogicCircuit", "liferay.exe": "Liferay", "lexiquepro.exe": "Lexique Pro", "larp.exe": "Larp", "lifeograph.exe": "Lifeograph", "soundbooster.exe": "LetaSoft Sound Booster", "limesurvey.exe": "LimeSurvey", "litemanager.exe": "LiteManager", "lurawave.exe": "LuraWave", "leadwerks.exe": "Leadwerks", "lancetchat.exe": "LANcet Chat", "logmett.exe": "LogMeTT", "luaedit.exe": "LuaEdit", "lightalloy.exe": "Light Alloy", "lightwave.exe": "LightWave", "lmremotekeymap.exe": "LM Remote KeyMap", "logparserlizard.exe": "Log Parser Lizard", "locknote.exe": "LockNote", "lightspeed.exe": "Lightspeed", "lolwiz.exe": "LoLwiz", "loderunner.exe": "Lode Runner", "luxor.exe": "Luxor", "lunascape.exe": "Lunascape", "lsidownload.exe": "LSI Download", "listpro.exe": "ListPro", "lupopensuite.exe": "Lupo PenSuite", "lcdwriter.exe": "LCDWriter", "lifesize.exe": "Lifesize", "linkware.exe": "LinkWare", "linkword.exe": "Linkword", "lp360.exe": "LP360", "linuxliveusb.exe": "LinuxLive USB Creator", "lookatmypc.exe": "Look@MyPC", "fileconvert.exe": "Lucion FileConvert", "led.exe": "LEd", "lmtlauncher.exe": "LMT Launcher", "ldplayer.exe": "LDPlayer", "leadtools.exe": "LEADTOOLS", "lunasolcalmobile.exe": "LunaSolCal Mobile", "landiscovery.exe": "LanDiscovery", "livegrade.exe": "Live Grade", "lashback.exe": "LashBack", "labarchives.exe": "LabArchives", "ldview.exe": "LDView", "multicollector.exe": "LignUp Multi Collector", "launchos.exe": "LaunchOS", "latencyoptimizer.exe": "Latency Optimizer", "lookeen.exe": "Lookeen", "librarianpro.exe": "Librarian Pro", "larkplayer.exe": "Lark Player", "licecap.exe": "LICEcap", "lingoversity.exe": "Lingoversity", "leafpad.exe": "Leafpad", "logicfriday.exe": "Logic Friday", "lifesaver.exe": "Lifesaver", "linkcad.exe": "Linkcad", "liscad.exe": "Liscad", "laserfiche.exe": "Laserfiche", "ldifde.exe": "LDIFDE", "logicminimizer.exe": "Logic Minimizer", "licensecrawler.exe": "LicenseCrawler", "lersus.exe": "LERSUS", "lovehoney.exe": "Lovehoney", "lamefrontend.exe": "Lame Front-End", "lmkpatchgenerator.exe": "LMK Patch Generator", "litebans.exe": "LiteBans", "ldapadmintool.exe": "LDAPSoft Admin Tool", "laneye.exe": "LANeye", "loaduiweb.exe": "LoadUIWeb", "liquidstorybinder.exe": "Liquid Story Binder", "laneyemonitor.exe": "LANeye Network Monitor", "liveplan.exe": "LivePlan", "ldcad.exe": "LDCad", "listarypro.exe": "Listary Pro", "lsceditor.exe": "LSC Editor", "licensekeydump.exe": "License Key Dump", "liveagent.exe": "LiveAgent", "learninglocker.exe": "Learning Locker", "linkmanlite.exe": "Linkman Lite", "lasergrbl.exe": "LaserGRBL", "lviewserver.exe": "LView Server", "labguru.exe": "Labguru", "lutmanager.exe": "LUT Manager", "layouteditor.exe": "LayoutEditor", "ldbmanager.exe": "LDBManager", "lanschooltechconsole.exe": "LanSchool Tech Console", "logicaldoc.exe": "LogicalDOC", "lsps.exe": "LSPS", "logmeinrescue.exe": "LogMeIn Rescue", "lawpack.exe": "LawPack", "localcooling.exe": "LocalCooling", "lupomanager.exe": "Lupo Manager", "leap.exe": "LinearX LEAP", "labkeyserver.exe": "LabKey Server", "lexisnexis.exe": "LexisNexis", "lightscribetemplatelabeler.exe": "LightScribe Template Labeler", "winword.exe": "Microsoft Word", "powerpnt.exe": "Microsoft PowerPoint", "matlab.exe": "MATLAB Compiler Runtime", "thunderbird.exe": "Thunderbird", "outlook.exe": "Outlook", "mysql.exe": "MySQL", "mpc-hc.exe": "MPC-HC", "mcshield.exe": "McAfee Antivirus", "mbam.exe": "Malwarebytes", "teams.exe": "Microsoft Teams", "mactray.exe": "MacType", "mblock.exe": "mBlock", "mediamonkey.exe": "MediaMonkey", "mendeleydesktop.exe": "Mendeley Reference Manager", "mongod.exe": "MongoDB", "maxthon.exe": "Maxthon Browser", "mp3tag.exe": "Mp3tag", "miranda32.exe": "Miranda IM", "mt4setup.exe": "Metatrader", "myphoneexplorer.exe": "MyPhoneExplorer", "maple.exe": "Maple", "mindmanager.exe": "MindManager", "mixcraft.exe": "Mixcraft", "videoeditor.exe": "VSDC Free Video Editor", "msfconsole.exe": "Metasploit", "musescore.exe": "MuseScore", "mednafen.exe": "Mednafen", "mirc.exe": "mIRC", "onenote.exe": "OneNote", "mydriveconnect.exe": "MyDrive Connect", "mp3directcut.exe": "Mp3DirectCut", "mypublicwifi.exe": "MyPublicWiFi", "mylockbox.exe": "My Lockbox", "mobaxterm.exe": "MobaXterm", "musicbee.exe": "MusicBee", "mediainfo.exe": "MediaInfo", "ftb.exe": "MyHeritage Family Tree Builder", "moviemaker.exe": "Movie Maker", "memu.exe": "MEmu", "mspub.exe": "Microsoft Office Publisher", "mumble.exe": "Mumble", "mindmeister.exe": "MindMeister", "mysqld.exe": "MariaDB", "mbae.exe": "Malwarebytes Anti-Ransomware", "mailbird.exe": "Mailbird", "mpc-be.exe": "MPC-BE", "stylus.exe": "MyScript Stylus", "mpiexec.exe": "MPICH", "mpcstar.exe": "MPCSTAR", "partitionwizard.exe": "MiniTool Partition Wizard", "maplestory.exe": "MapleStory", "minitab.exe": "Minitab", "markdownpad2.exe": "MarkdownPad", "mixxx.exe": "Mixxx", "mfeconsole.exe": "McAfee Endpoint Security", "mydefrag.exe": "MyDefrag", "memtest86.exe": "MemTest86", "mixlr.exe": "Mixlr", "mypaint.exe": "MyPaint", "mylanviewer.exe": "MyLanViewer", "makemkv.exe": "MakeMKV", "mobogenie.exe": "Mobogenie", "reflect.exe": "Macrium Reflect Free Edition", "visio.exe": "Visio", "mfiles.exe": "M-Files", "mhotspot.exe": "mHotspot", "mobirise.exe": "Mobirise Website Creator", "mplab_ide.exe": "MPLAB X IDE", "msaccess.exe": "Microsoft Access", "cmd.exe": "Command Prompt", "minecraftlauncher.exe": "Minecraft Launcher", "megasync.exe": "MEGAsync", "macdrive.exe": "MacDrive", "manycam.exe": "ManyCam", "mp3gain.exe": "MP3Gain", "mobilego.exe": "MobileGo", "pbidesktop.exe": "Power BI", "maxto.exe": "MaxTo", "mixpad.exe": "MixPad", "diskpartition.exe": "Macrorit Disk Partition Expert", "ssms.exe": "SQL Server Management Studio", "maplesim.exe": "MapleSim", "mozy.exe": "Mozy", "moneydance.exe": "Moneydance", "macgoplayer.exe": "Macgo Blu-ray Player", "miro.exe": "Miro", "mtputty.exe": "MTPuTTY", "mz_wintranslator.exe": "MZ-WinTranslator", "winbox.exe": "MikroTik WinBox", "modo.exe": "Modo", "magiciso.exe": "MagicISO", "mach3.exe": "Mach3", "makehuman.exe": "MakeHuman", "myvideoconverter.exe": "MyVideoConverter", "mindgenius.exe": "MindGenius", "cleanmypc.exe": "MacPaw CleanMyPC", "mysqlworkbench.exe": "MySQL Workbench", "mkvtoolnix.exe": "MKVToolNix", "magicpartitionrecovery.exe": "Magic Partition Recovery", "macspeechdictate.exe": "MacSpeech Dictate", "mp3rocket.exe": "Mp3 Rocket", "androidassistant.exe": "MobiKin Assistant for Android", "megacmd.exe": "MEGAcmd", "mcebuddy.exe": "MCEBuddy", "macbooster.exe": "MacBooster", "multicommander.exe": "Multi Commander", "slideshowmaker.exe": "Movavi Slideshow Maker", "mosaico.exe": "Mosaico", "musicmaker.exe": "MAGIX Music Maker", "mixmeisterfusion.exe": "MixMeister Fusion", "mowes.exe": "MoWeS Portable", "multicharts.exe": "Multicharts", "myki.exe": "Myki", "maltego.exe": "Maltego", "mobiletrans.exe": "MobileTrans", "mach4.exe": "Mach4", "youtubedownloader.exe": "YouTube Downloader HD", "mars.exe": "MARS", "m3datarecovery.exe": "M3 Data Recovery", "masterpdfeditor.exe": "Master PDF Editor", "markdownmonster.exe": "Markdown Monster", "mobaphoto.exe": "MobaPhoto", "mobalivecd.exe": "MobaLiveCD", "mup.exe": "MUP", "mobileatlascreator.exe": "Mobile Atlas Creator", "sqlservr.exe": "Microsoft SQL Server", "mbchameleon.exe": "Malwarebytes Chameleon", "macclean.exe": "MacClean", "musictag.exe": "Music Tag", "motioninjoy.exe": "MotioninJoy", "massdown.exe": "Mass Downloader", "moviecollector.exe": "Movie Collector", "miktex-console.exe": "MiKTeX", "mybase.exe": "myBase", "mobizen.exe": "Mobizen", "mpc.exe": "MPC Cleaner", "mailstorehome.exe": "MailStore Home", "magiccamera.exe": "Magic Camera", "emailextractor.exe": "Maxprog eMail Extractor", "vegas.exe": "Vegas Movie Studio", "mediacoder.exe": "MediaCoder", "moboplay.exe": "MoboPlay", "midi-ox.exe": "MIDI-OX", "madhcctrl.exe": "MadVR", "mixcraft8.exe": "Mixcraft", "doctorforandroid.exe": "MobiKin Doctor for Android", "macx-dvd-ripper.exe": "MacX DVD Ripper", "mixamo.exe": "Mixamo", "maxbulkmailersetup.exe": "MaxBulk Mailer", "assistantforios.exe": "MobiKin Assistant for iOS", "metamorphose2.exe": "Metamorphose", "powerdatarecovery.exe": "MiniTool Power Data Recovery", "metrotwit.exe": "MetroTwit", "motionbuilder.exe": "MotionBuilder", "transferformobile.exe": "MobiKin Transfer for Mobile", "mocha.exe": "Mocha Pro", "menumetersextra.exe": "MenuMeters", "myfamilytree.exe": "My Family Tree", "notepad++.exe": "Notepad++", "ccsvchst.exe": "Norton Antivirus", "nvcplui.exe": "NVIDIA Control Panel", "nero.exe": "Nero Burning ROM", "notepad2.exe": "Notepad2", "node.exe": "Node.js", "nmap.exe": "Nmap", "nuget.exe": "NuGet Package Manager", "nortonsecurity.exe": "Norton Internet Security", "notion.exe": "Notion", "ninite.exe": "Ninite", "makensis.exe": "NSIS (Nullsoft Scriptable Install System)", "ninjatrader.exe": "NinjaTrader", "neat.exe": "Neat", "netcut.exe": "Netcut", "nvda.exe": "NVDA (NonVisual Desktop Access)", "netlimiter.exe": "NetLimiter", "nsscontrol.exe": "NetSupport School", "navicat.exe": "Navicat Premium", "nitropdfreader.exe": "Nitro PDF Reader", "kontakt.exe": "Native Instruments Kontakt", "naturalreader.exe": "Natural Reader", "powerpdf.exe": "Nuance Power PDF", "ghost32.exe": "Norton Ghost", "mediahome.exe": "Nero MediaHome", "networkminer.exe": "NetworkMiner", "geforceexperience.exe": "NVIDIA GeForce Experience", "nexusclient.exe": "Nexus Mod Manager", "nu.exe": "Norton Utilities", "startsmart.exe": "Nero StartSmart", "netbalancer.exe": "NetBalancer", "novabench.exe": "Novabench", "nodemailer.exe": "Nodemailer", "ndepend.console.exe": "NDepend", "npe.exe": "Norton Power Eraser", "nitropdf.exe": "Nitro Pro", "newsleecher.exe": "Newsleecher", "networx.exe": "NetWorx", "nomacs.exe": "Nomacs", "neoloadgui.exe": "Neoload", "nvivo.exe": "Nvivo", "navisworks.exe": "Navisworks", "nexusfile.exe": "NexusFile", "ncrunch.client.exe": "NCrunch", "nitroshare.exe": "NitroShare", "notepad3.exe": "Notepad3", "novods.exe": "NovoDS", "ntpwedit.exe": "NTPWEdit", "ntfsundelete.exe": "NtfsUndelete", "netscan.exe": "Network Scanner", "suite.exe": "NCH Software Suite", "netpad.exe": "Network Notepad", "nc.exe": "Netcat", "netdrive.exe": "NetDrive", "netsetman.exe": "NetSetMan", "netcrunch.exe": "NetCrunch", "nsmconsole.exe": "NetSupport Manager", "profiler.exe": "NetBeans Profiler", "nessus.exe": "Nessus", "nginx.exe": "Nginx", "ntfspermissionsreporter.exe": "NTFS Permissions Reporter", "notepadreplacement.exe": "Notepad Replacement", "ntpserverchecker.exe": "NTP Server Checker", "nusphere.exe": "NuSphere PhpED", "ngplayer.exe": "Natural Grounding Player", "nmapsi4.exe": "Nmapsi4", "netflowanalyzer.exe": "NetFlow Analyzer", "nsd.exe": "NetSupport DNA", "nvc.exe": "Nortel VPN Client", "nxclient.exe": "NoMachine", "docuprinter.exe": "Neevia Document Converter", "ntfsrecoverytoolkit.exe": "NTFS Recovery Toolkit", "neorouter.exe": "NeoRouter", "nbpro.exe": "NovaBACKUP", "nox.exe": "NoxPlayer", "netview.exe": "Network View", "netpeeker.exe": "NetPeeker", "obs64.exe": "OBS Studio", "opera.exe": "Opera Browser", "virtualbox.exe": "VirtualBox", "origin.exe": "Origin", "openvpn.exe": "OpenVPN", "onedrive.exe": "OneDrive", "obs.exe": "Open Broadcaster Software", "sqldeveloper.exe": "SQL Developer", "octave-cli.exe": "Octave", "oxygen.exe": "Oxygen XML Editor", "oodefrag.exe": "O&O Defrag", "objectdock.exe": "ObjectDock", "ocam.exe": "oCam", "omnipage.exe": "OmniPage", "opentext.exe": "OpenText", "outwithub.exe": "OutWit Hub", "msimn.exe": "Outlook Express", "openshot.exe": "OpenShot Video Editor", "odbcad32.exe": "ODBC Data Source Administrator", "officetimeline.exe": "Office Timeline", "opus.exe": "Opus Creator", "openhardwaremonitor.exe": "Open Hardware Monitor", "oalinst.exe": "OpenAL", "ssh.exe": "OpenSSH", "omnipage19.exe": "OmniPage Ultimate", "oodib.exe": "O&O DiskImage", "ooserase.exe": "O&O SafeErase", "odrive.exe": "oDrive", "optikey.exe": "OptiKey", "origin85.exe": "OriginLab Origin", "operamail.exe": "Opera Mail", "ooautobackup.exe": "O&O AutoBackup", "ooclevercache.exe": "O&O CleverCache", "oodiskstat.exe": "O&O DiskStat", "oodriveled.exe": "O&O DriveLED", "oomediarecovery.exe": "O&O MediaRecovery", "ooregeditor.exe": "O&O RegEditor", "ooshutup10.exe": "O&O ShutUp10", "oospeedcheck.exe": "O&O SpeedCheck", "oosyspectr.exe": "O&O Syspectr", "oose.exe": "O&O SafeErase", "oobluecon.exe": "O&O BlueCon", "oodiskrecovery.exe": "O&O DiskRecovery", "oofilebackup.exe": "O&O FileBackup", "oopowerpack.exe": "O&O PowerPack", "oossdmigrationkit.exe": "O&O SSD Migration Kit", "oounerase.exe": "O&O Unerase", "oculusclient.exe": "Oculus Rift", "openiv.exe": "OpenIV", "openvpn-gui.exe": "OpenVPN GUI", "oxygennotincluded.exe": "Oxygen Not Included", "oxygenauthor.exe": "Oxygen XML Author", "oxygendeveloper.exe": "Oxygen XML Developer", "oxygeneditor.exe": "Oxygen XML Editor", "putty.exe": "PuTTY", "paintdotnet.exe": "Paint.NET", "phpstorm.exe": "PhpStorm", "postgres.exe": "PostgreSQL", "adobe premiere pro.exe": "Premiere Pro", "protools.exe": "Pro Tools", "plex media server.exe": "Plex Media Server", "processhacker.exe": "Process Hacker", "picasa3.exe": "Picasa", "poweriso.exe": "PowerISO", "ms-paint.exe": "Paint 3D", "pandorarecovery.exe": "Pandora Recovery", "prtg network monitor.exe": "PRTG Network Monitor", "pyscripter.exe": "PyScripter", "pdfcreator.exe": "PDFCreator", "paintshoppro.exe": "PaintShop Pro", "proxifier.exe": "Proxifier", "purevpn.exe": "PureVPN", "psanhost.exe": "Panda Free Antivirus", "plantronicsplugincore.exe": "Plantronics Hub", "primopdf.exe": "PrimoPDF", "paladins.exe": "Paladins", "pidgin.exe": "Pidgin", "prl_client_app.exe": "Parallels Desktop", "python.exe": "Python", "photoscape.exe": "PhotoScape", "perfectdisk.exe": "PerfectDisk", "procexp.exe": "Process Explorer", "proxmox.exe": "Proxmox VE", "prezi.exe": "Prezi", "pegasusmail.exe": "Pegasus Mail", "paragon.exe": "Paragon Backup", "privazer.exe": "PrivaZer", "painttoolsai.exe": "PaintTool SAI", "pyinstaller.exe": "PyInstaller", "vpncmgr.exe": "PacketiX VPN Client Manager", "powerarc.exe": "PowerArchiver", "pwsafe.exe": "Password Safe", "popcorn-time.exe": "Popcorn Time", "pnotes.exe": "PNotes", "protonvpn.exe": "ProtonVPN", "peerblock.exe": "PeerBlock", "pencil2d.exe": "Pencil2D", "pdf architect.exe": "PDF Architect", "php.exe": "PHP", "processlasso.exe": "Process Lasso", "pm.exe": "Password Manager XP", "palemoon.exe": "Pale Moon", "qgis.exe": "QGIS", "qtcreator.exe": "Qt Creator", "quicktimeplayer.exe": "QuickTime Player", "qw.exe": "Quicken", "qbw32.exe": "QuickBooks", "quarkxpress.exe": "QuarkXPress", "q-dir.exe": "Q-Dir", "qbittorrent.exe": "qBittorrent", "btvstack.exe": "Qualcomm Atheros Bluetooth Suite", "qtranslate.exe": "QTranslate", "qemu-system-x86_64.exe": "QEMU", "linguist.exe": "Qt Linguist", "quip.exe": "Quip", "qq.exe": "QQ International", "qv.exe": "QlikView", "rstudio.exe": "RStudio", "ruby.exe": "Ruby", "rainmeter.exe": "Rainmeter", "rtkngui64.exe": "Realtek HD Audio Manager", "roboform.exe": "RoboForm", "rocketdock.exe": "RocketDock", "rufus.exe": "Rufus", "react-native.exe": "React Native CLI", "redis-server.exe": "Redis", "vncviewer.exe": "VNC Connect", "redshift.exe": "Redshift", "rzsynapse.exe": "Razer Synapse", "robloxstudiolauncherbeta.exe": "Roblox Studio", "rose.exe": "Rational Rose", "rgui.exe": "R for Windows", "rabbitmq-server.exe": "RabbitMQ", "royalts.exe": "Royal TS", "rustc.exe": "Rust", "razorsql.exe": "RazorSQL", "retrica.exe": "Retrica", "rainlendar2.exe": "Rainlendar", "rambox.exe": "Rambox", "skype.exe": "Skype", "spotify.exe": "Spotify", "steam.exe": "Steam", "sublime_text.exe": "Sublime Text", "slack.exe": "Slack", "safari.exe": "Safari", "snagit32.exe": "Snagit", "forge100.exe": "Sound Forge", "vegas160.exe": "Sony Vegas Pro", "sdmain.exe": "Spybot Search & Destroy", "speedfan.exe": "SpeedFan", "synergy.exe": "Synergy", "seamonkey.exe": "SeaMonkey", "sldworks.exe": "SolidWorks", "nx.exe": "Siemens NX", "smartdraw.exe": "SmartDraw", "sibelius.exe": "Sibelius", "peachw.exe": "Sage 50", "snippingtool.exe": "Snipping Tool", "soluto.exe": "Soluto", "substance painter.exe": "Substance Painter", "sling.exe": "Sling TV", "sdltradosstudio.exe": "SDL Studio", "drawplus.exe": "Serif DrawPlus", "simplify3d.exe": "Simplify3D", "searchapp.exe": "Windows Search", "solidedge.exe": "Solid Edge", "scrivener.exe": "Scrivener", "sage.exe": "Sage Accounting", "startdrive.exe": "Siemens TIA Portal", "shotcut.exe": "Shotcut", "sonarqube.exe": "SonarQube", "sharex.exe": "ShareX", "swgvc.exe": "SonicWALL Global VPN Client", "sandboxierpcss.exe": "Sandboxie", "servicenow.exe": "ServiceNow", "solarwinds.exe": "SolarWinds", "sourcetree.exe": "Sourcetree", "speedify.exe": "Speedify", "sygic.exe": "Sygic GPS Navigation", "chromedriver.exe": "Selenium WebDriver", "staruml.exe": "StarUML", "sketchbook.exe": "SketchBook", "sqlite3.exe": "SQLite", "salesforce.exe": "Salesforce", "ts3client_win64.exe": "TeamSpeak", "turbotax.exe": "TurboTax", "totalcmd.exe": "Total Commander", "terraform.exe": "Terraform", "tableau.exe": "Tableau", "typora.exe": "Typora", "twincat.exe": "TwinCAT", "teamviewer.exe": "TeamViewer", "telegram.exe": "Telegram", "trello.exe": "Trello", "tortoiseproc.exe": "TortoiseSVN", "ubuntu.exe": "Ubuntu", "utorrent.exe": "uTorrent", "ue4.exe": "Unreal Engine", "uedit32.exe": "UltraEdit", "ultraiso.exe": "UltraISO", "uplay.exe": "Ubisoft Uplay", "unity.exe": "Unity Game Engine", "ut.exe": "Unreal Tournament", "uvnc.exe": "UltraVNC", "ultramon.exe": "UltraMon", "ultrafinder.exe": "UltraFinder", "ultracopier.exe": "UltraCopier", "ultradefrag.exe": "UltraDefrag", "usbdeview.exe": "USBDeview", "uget.exe": "uGet Download Manager", "unison.exe": "Unison", "ultraftp.exe": "UltraFTP", "ultrasearch.exe": "UltraSearch", "ultraviewer.exe": "UltraViewer", "utorrentweb.exe": "uTorrent Web", "ultramixer.exe": "UltraMixer", "ultraisopremium.exe": "UltraISO Premium", "ultraadwarekiller.exe": "Ultra Adware Killer", "ultrauxthemepatcher.exe": "UltraUXThemePatcher", "update.exe": "Software Update Utility", "uninstall.exe": "Uninstall Utility", "ublockorigin.exe": "uBlock Origin", "unigine.exe": "Unigine Benchmarks", "umatrix.exe": "Umatrix", "unrealtournament.exe": "Unreal Tournament", "ultravnc.exe": "UltraVNC", "ultraedit.exe": "UltraEdit", "upnp.exe": "Universal Plug and Play", "uac.exe": "User Account Control", "usync.exe": "uSync", "uefi.exe": "Unified Extensible Firmware Interface", "unrar.exe": "UnRAR", "usbguard.exe": "USBGuard", "umatrixgui.exe": "uMatrix GUI", "utorrentpro.exe": "uTorrent Pro", "ums.exe": "Universal Media Server", "uacmanager.exe": "UAC Manager", "udm.exe": "Universal Download Manager", "usyncbackup.exe": "uSync Backup", "uvk.exe": "Ultra Virus Killer", "upx.exe": "Ultimate Packer for eXecutables", "uniextract.exe": "Universal Extractor", "utorrentserver.exe": "uTorrent Server", "utorrentportable.exe": "uTorrent Portable", "ublock.exe": "uBlock", "unetbootin.exe": "UNetbootin", "uplaybrowser.exe": "Uplay Browser", "urbackup.exe": "UrBackup", "uxtheme.exe": "UX Theme Patch for Windows", "utorrentdht.exe": "uTorrent DHT", "uaa.exe": "Universal Audio Architecture", "ucam.exe": "Ucam", "ukey.exe": "Ukey", "uremote.exe": "uRemote", "utorrentclassic.exe": "uTorrent Classic", "uservice.exe": "UService", "usbcrypt.exe": "USBCrypt", "ullink.exe": "ULLINK", "uplayplus.exe": "UPLAY Plus", "uxstyle.exe": "UXStyle", "upek.exe": "UPEK", "usmtutils.exe": "USMTUtils", "unibeast.exe": "UniBeast", "ucc.exe": "Unreal Content Compiler", "udc.exe": "Universal Document Converter", "ulead.exe": "ULEAD", "ubericon.exe": "UberIcon", "u2f.exe": "U2F", "ultraisox64.exe": "UltraISO x64", "ultradefragx64.exe": "UltraDefrag x64", "uwin.exe": "UWin", "uirunner.exe": "UI Runner", "usmtutilsx64.exe": "USMTUtils x64", "ultravnc_64.exe": "UltraVNC 64", "u2fserver.exe": "U2F Server", "ufile.exe": "Ufile", "updd.exe": "UPDD", "usync.core.exe": "uSync Core", "uts.exe": "UTS", "ultrapatcher.exe": "UltraPatcher", "unify.exe": "Unify", "uclauncher.exe": "UCLauncher", "udraw.exe": "uDraw", "udt.exe": "UDT", "updatemanager.exe": "Update Manager", "ut4.exe": "UT4", "udirect.exe": "uDirect", "unetbootin64.exe": "UNetbootin 64", "u2fserver64.exe": "U2F Server 64", "uninstall64.exe": "Uninstall 64", "ulearn.exe": "uLearn", "unrar64.exe": "Unrar 64", "uyari.exe": "Uyari", "udfreader.exe": "Udf Reader", "uas.exe": "UAS", "uves.exe": "UVES", "ultracopier_x64.exe": "UltraCopier x64", "uft.exe": "UFT", "u2fservice.exe": "U2F Service", "ubcd.exe": "UBCD", "upower.exe": "uPower", "ulp.exe": "ULP", "ultraedit64.exe": "UltraEdit 64", "uplaylauncher.exe": "UPlay Launcher", "usi.exe": "USI", "utab.exe": "uTab", "ufr.exe": "UFR", "vmware.exe": "VMware Workstation", "devenv.exe": "Visual Studio Enterprise", "veracrypt.exe": "VeraCrypt", "viber.exe": "Viber Desktop", "virtualdj.exe": "VirtualDJ", "vpnunlimited.exe": "VPN Unlimited", "vivaldi.exe": "Vivaldi Browser", "vsdc free video editor.exe": "VSDC Video Editor", "ventrilo.exe": "Ventrilo", "voicemeeter.exe": "Voicemeeter", "voicemeeterbanana.exe": "Voicemeeter Banana", "voicemeeterpotato.exe": "Voicemeeter Potato", "vuze.exe": "Vuze", "valgrind.exe": "Valgrind", "vmtoolsd.exe": "VMware Tools", "vcredist_x86.exe": "Visual C++ Redistributable", "veracrypt setup.exe": "VeraCrypt Setup", "vibersetup.exe": "Viber Installer", "virtualclonedrive.exe": "Virtual CloneDrive", "winvnc.exe": "WinVNC", "vso downloader.exe": "VSO Downloader", "vs_installer.exe": "Virtual Studio Installer", "vmware fusion.app": "VMware Fusion", "vmplayer.exe": "VMWare Player", "NaN": "Voicemeeter", "vegaspro.exe": "Vegas Pro", "visualparadigm.exe": "Visual Paradigm", "vox.exe": "Vox", "videopad.exe": "VideoPad", "videostudio.exe": "VideoStudio", "vidcoder.exe": "VidCoder", "videoproc.exe": "VideoProc", "veusz.exe": "Veusz", "vpython.exe": "VPython", "vobsub.exe": "VobSub", "videoscribe.exe": "VideoScribe", "virtualdub.exe": "VirtualDub", "vdhcoapp.exe": "VideoDownloadHelper", "voiceattack.exe": "VoiceAttack", "convertxtodvd.exe": "VSO ConvertXtoDVD", "audiorepeater.exe": "Virtual Audio Cable", "viewnx2.exe": "ViewNX", "videolan.exe": "VideoLAN", "visualboyadvance.exe": "VisualBoyAdvance", "vue.exe": "VUE (Visual Understanding Environment)", "vopt.exe": "Vopt", "vtask.exe": "vTask Studio", "veeam.backup.service.exe": "Veeam Backup & Replication", "virtualrouterplus.exe": "Virtual Router Plus", "vesta.exe": "Vesta Control Panel", "vtc.exe": "Virtual TimeClock", "vcarvepro.exe": "VCarve Pro", "moviestudioplatinum.exe": "Vegas Movie Studio Platinum", "vpinball.exe": "Visual Pinball", "vim.exe": "Vim", "vsplayer.exe": "VSPlayer", "vcds.exe": "VCDS (VAG-COM Diagnostic System)", "span.exe": "Voxengo SPAN", "vray.exe": "V-Ray", "vistumbler.exe": "Vistumbler", "voicebot.exe": "VoiceBot", "vcam.exe": "XSplit VCam", "vfront.exe": "VFront", "veyon.exe": "Veyon", "vcompat.exe": "VCOMPAT (Volume Compatibility)", "virtualfamilies.exe": "Virtual Families", "visualight.exe": "VisuaLight", "vred.exe": "VRED", "videoredo.exe": "VideoReDo", "vistart.exe": "ViStart", "vsketcher.exe": "VSketcher", "videothang.exe": "VideoThang", "vectir.exe": "Vectir", "virc.exe": "Visual IRC", "vsthost.exe": "VSTHost", "vmlite.exe": "VMLite XP Mode", "videomeld.exe": "VideoMeld", "vxsearch.exe": "VX Search", "vzaccessmanager.exe": "VZ Access Manager", "vhypnotist.exe": "Virtual Hypnotist", "voxal.exe": "Voxal Voice Changer", "vipre.exe": "VIPRE Antivirus", "vistalizator.exe": "Vistalizator", "vidyodesktop.exe": "Vidyo Desktop", "vintager.exe": "Vintager", "vboxmanage.exe": "VirtualBox Manager", "vuzeleap.exe": "Vuze Leap", "virustotaluploader.exe": "VirusTotalUploader", "virtualc64.exe": "VirtualC64", "vspd.exe": "Virtual Serial Port Driver", "vmix.exe": "vMix", "volume2.exe": "Volume2", "vectormagic.exe": "Vector Magic", "vizzed.exe": "Vizzed Retro Game Room", "veetle.exe": "Veetle", "vrally4.exe": "V-Rally 4", "v1hd.exe": "V1 Home Design", "vxheavens.exe": "VX Heavens", "vso_inspector.exe": "VSO Inspector", "pdfeditor.exe": "VeryPDF PDF Editor", "vegasproedit.exe": "Vegas Pro Edit", "vpuml.exe": "Visual Paradigm for UML", "xampp-control.exe": "XAMPP", "xnview.exe": "XnView", "xboxaccessorymanager.exe": "Xbox Accessories", "xsplit.core.exe": "XSplit Broadcaster", "xodo.exe": "Xodo PDF Reader", "xmanager.exe": "Xmanager", "designerpro.exe": "Xara Designer Pro", "xrecode3.exe": "XRecode III", "ise.exe": "Xilinx ISE Design Suite", "xnconvert.exe": "XnConvert", "vivado.exe": "Xilinx Vivado", "xmediarecode.exe": "XMedia Recode", "x-lite.exe": "X-Lite", "xming.exe": "Xming", "xoftspyse.exe": "XoftSpySE", "x-codec-pack.exe": "X Codec Pack", "xchat.exe": "XChat", "xmind.exe": "XMind", "xshell.exe": "XShell", "x1search.exe": "X1 Search", "gamecaster.exe": "XSplit Gamecaster", "vivado_hls.exe": "Xilinx Vivado HLS", "xrecode.exe": "XRECODE", "xpsviewer.exe": "XPS Viewer", "xvast.exe": "Xvast", "x-vpn.exe": "X-VPN", "xowa.exe": "Xowa", "xplorer2.exe": "Xplorer\u00b2", "xyplorer.exe": "Xyplorer", "yahoomessenger.exe": "Yahoo! Messenger", "yandexbrowser.exe": "Yandex.Browser", "ytd.exe": "YTD Video Downloader", "yumi.exe": "YUMI", "duellinks.exe": "Yu-Gi-Oh! Duel Links", "yowindow.exe": "YoWindow", "youwave.exe": "YouWave for Android", "ysflight.exe": "YSFlight Simulator", "yakuza0.exe": "Yakuza 0", "yed.exe": "yED Graph Editor", "yandexdisk.exe": "Yandex.Disk", "yandexmusic.exe": "Yandex Music", "yandexmaps.exe": "Yandex Maps", "yandexzen.exe": "Yandex Zen", "yumi-uefi.exe": "YUMI UEFI", "yac.exe": "YAC", "yui.exe": "YUI", "yodotfilerecovery.exe": "Yodot File Recovery", "yaccleaner.exe": "Yet Another Cleaner", "translate.exe": "Yandex Translate", "yandexbrowseralpha.exe": "Yandex Browser Alpha", "yuzu.exe": "Yuzu Emulator", "yandexlauncher.exe": "Yandex Launcher", "yandexbrowserbeta.exe": "Yandex Browser Beta", "yahoowidgetengine.exe": "Yahoo! Widget Engine", "yandexmetro.exe": "Yandex.Metro", "yandextaxi.exe": "Yandex.Taxi", "yandextank.exe": "Yandex.Tank", "yandexbrowsercanary.exe": "Yandex Browser Canary", "yacreader.exe": "YAC Reader", "youcammakeup.exe": "YouCam Makeup", "yandexsafebrowser.exe": "Yandex Safe Browser", "yandexbrowsermini.exe": "Yandex Browser Mini", "yenka.exe": "Yenka", "yandexbrowserlite.exe": "Yandex.Browser Lite", "yourphone.exe": "Your Phone", "ytoolbar.exe": "Yahoo! Toolbar", "yandexbrowserportable.exe": "Yandex Browser Portable", "yandexmail.exe": "Yandex.Mail", "yandexbrowserturbo.exe": "Yandex.Browser Turbo", "yandexbrowserstable.exe": "Yandex Browser Stable", "windows10manager.exe": "Yamicsoft Windows 10 Manager", "zoom.exe": "ZOOM Cloud Meetings", "zenmap.exe": "Zenmap", "zlclient.exe": "ZoneAlarm", "zabbix_agentd.exe": "Zabbix", "zbrush.exe": "ZBrush 2021", "zotero.exe": "Zotero", "zohomail.exe": "Zoho Mail", "zune.exe": "Zune", "zim.exe": "Zim Desktop Wiki", "zps.exe": "Zoner Photo Studio Free", "zam.exe": "Zemana AntiMalware", "zello.exe": "Zello", "zpsx.exe": "Zoner Photo Studio X", "zoc.exe": "ZOC Terminal", "zinstall.exe": "Zinstall WinWin", "zebradesigner.exe": "ZebraDesigner", "zoc7.exe": "ZOC Terminal", "zoomplayer.exe": "Zoom Player", "cardstudio.exe": "Zebra CardStudio", "zwcad.exe": "ZWCAD", "zed_sdk_unity.exe": "ZED SDK", "zp.exe": "ZennoPoster", "proanimator.exe": "Zaxwerks ProAnimator", "zortammp3mediastudio.exe": "Zortam Mp3 Media Studio", "zebradesigneressentials.exe": "ZebraDesigner Essentials", "setuputilities.exe": "Zebra Printer Setup Utilities", "zohodesk.exe": "Zoho Desk", "zenmate.exe": "ZenMate", "zortammp3tageditor.exe": "Zortam Mp3 Tag Editor", "zillyaantivirus.exe": "Zillya! Antivirus", "zwcadmechanical.exe": "ZWCAD Mechanical", "zohocrm.exe": "Zoho CRM", "zellowork.exe": "Zello Work", "zerotier-one.exe": "ZeroTier One", "zebranetutilities.exe": "ZebraNet Utilities", "zebrasetuputilities.exe": "Zebra Setup Utilities", "zap.bat": "Zed Attack Proxy", "multiplatform_sdk.exe": "ZebraLink Multiplatform SDK", "zohoprojects.exe": "Zoho Projects", "zerenestacker.exe": "Zerene Stacker", "zebranetbridgeenterprise.exe": "ZebraNet Bridge Enterprise", "zenmatevpn.exe": "ZenMate VPN", "zenefits.exe": "Zenefits", "zsnesw.exe": "ZSNES", "browserprint.exe": "Zebra Browser Print", "zebradesignerxml.exe": "ZebraDesigner for XML", "zebradesignersap.exe": "ZebraDesigner for MySAP", "printstation.exe": "Zebra Print Station", "zebranetutilitieswin.exe": "ZebraNet Utilities for Windows", "zemax.exe": "Zemax", "zararadio.exe": "ZaraRadio", "zipware.exe": "Zipware", "zabbix_server.exe": "Zabbix Server", "zortammp3player.exe": "Zortam Mp3 Player", "zwcad+.exe": "ZWCAD+", "zbrushcore.exe": "ZBrushCore", "zortammp3studio.exe": "Zortam Mp3 Studio", "zortamid3tageditor.exe": "Zortam ID3 Tag Editor", "zw3d.exe": "ZW3D", "zillyalivecd.exe": "Zillya! LiveCD", "zpcap.exe": "ZPCAP", "zbrushcoremini.exe": "ZBrushCoreMini", "zonelabs.exe": "Zonelabs", "zigntrack.exe": "Zign Track", "z3xshell.exe": "Z3X Shell", "zar.exe": "Zero Assumption Recovery", "zillyasecurity.exe": "Zillya! Internet Security", "zedge.exe": "Zedge", "zeronet.exe": "ZeroNet", "zdsoftscreenrecorder.exe": "ZD Soft Screen Recorder", "zerosconsole.exe": "ZerOS Console", "zenvpn.exe": "ZenVPN", "zillyatotalsecurity.exe": "Zillya! Total Security", "zabbix_agent.exe": "Zabbix Agent", "migrationkitpro.exe": "Zinstall Migration Kit Pro", "zarchiver.exe": "ZArchiver", "zorin.exe": "Zorin OS", "zebrascreenrecorder.exe": "Zebra Screen Recorder", "zebradesignerpro.exe": "ZebraDesigner Pro", "zortamonline.exe": "Zortam Online", "zkteco.exe": "ZKTeco", "zumadeluxe.exe": "Zuma Deluxe", "portable.exe": "Zemana Portable", "z-cron.exe": "Z-Cron", "zktime.exe": "ZKTime", "zipeg.exe": "Zipeg", "zulu.exe": "Zulu DJ Software", "zw3dviewer.exe": "ZW3D Viewer", "zetadocsexpress.exe": "Zetadocs Express", "zte.exe": "ZTE MF61", "zinioreader.exe": "Zinio Reader", "msgtopstconverter.exe": "ZOOK MSG to PST Converter", "cardstudioexpress.exe": "Zebra CardStudio Express", "zohoassist.exe": "Zoho Assist", "zohobooks.exe": "Zoho Books", "zohodocs.exe": "Zoho Docs", "zsentry.exe": "ZSentry", "zedaxis.exe": "Zed Axis", "zdsoftgamerecorder.exe": "ZD Soft Game Recorder", "z-dbackup.exe": "Z-DBackup", "zabbix_proxy.exe": "Zabbix Proxy", "cardstudioprofessional.exe": "Zebra CardStudio Professional", "zebranetbridge.exe": "ZebraNet Bridge", "zwcadviewer.exe": "ZWCAD Viewer", "zebrautilities.exe": "Zebra Utilities", "zwcadtouch.exe": "ZWCAD Touch", "zohoinvoice.exe": "Zoho Invoice", "winamp.exe": "Winamp", "winrar.exe": "WinRAR", "winzip.exe": "WinZip", "wordpad.exe": "WordPad", "wmp.exe": "Windows Media Player", "whatsapp.exe": "WhatsApp", "wireshark.exe": "Wireshark", "msmpeng.exe": "Windows Defender", "explorer.exe": "Windows Explorer", "wuauclt.exe": "Windows Update", "firewall.cpl": "Windows Firewall", "powershell.exe": "Windows PowerShell", "taskmgr.exe": "Windows Task Manager", "moviemk.exe": "Windows Movie Maker", "notepad.exe": "Windows Notepad", "calc.exe": "Windows Calculator", "photoviewer.dll": "Windows Photo Viewer", "ehshell.exe": "Windows Media Center", "journal.exe": "Windows Journal", "mspaint.exe": "Windows Paint", "rstrui.exe": "Windows System Restore", "regedit.exe": "Windows Registry Editor", "msiexec.exe": "Windows Installer", "mstsc.exe": "Windows Remote Desktop", "mpcmdrun.exe": "Windows Defender Offline", "helppane.exe": "Windows Help and Support", "winhttp.dll": "WinHTTP Web Proxy", "winmergeu.exe": "WinMerge", "winscp.exe": "WinSCP", "winimage.exe": "WinImage", "winuae.exe": "WinUAE", "wintopo.exe": "WinTopo", "winhex.exe": "WinHex", "winmtr.exe": "WinMTR", "winavi.exe": "WinAVI Video Converter", "winlock.exe": "WinLock", "winpcap.exe": "WinPcap", "winmount.exe": "WinMount", "winpatrol.exe": "WinPatrol", "winmx.exe": "WinMX", "winmail.exe": "Winmail", "winchm.exe": "WinCHM", "winnc.exe": "WinNc", "winntsetup.exe": "WinNTSetup", "winsleep.exe": "WinSleep", "winpulse.exe": "WinPulse", "winsend.exe": "WinSend", "winsysclean.exe": "WinSysClean", "winusb.exe": "WinUSB", "winutil.exe": "WinUtilities", "winiso.exe": "WinISO", "winlockpro.exe": "WinLockPro", "winsixaxis.exe": "WinSIXAXIS", "winreducer.exe": "WinReducer", "winmerge.exe": "WinMerge", "winsnap.exe": "WinSnap", "wingpg.exe": "WinGPG", "windriver.exe": "WinDriver", "winguardpro.exe": "WinGuardPro", "winlicense.exe": "WinLicense", "winmetro.exe": "WinMetro", "winmsd.exe": "WinMSD", "winping.exe": "WinPing", "winprivacy.exe": "WinPrivacy", "winfile.exe": "WinFile", "winfoniemobile.exe": "WinFonieMobile", "winftp.exe": "WinFTP", "wingoplus.exe": "WinGo", "winhaste.exe": "WinHaste", "winhide.exe": "WinHide", "winjac.exe": "WinJac", "winkeeper.exe": "WinKeeper", "winkeyfinder.exe": "WinKeyFinder", "winlist.exe": "WinList", "winlogonview.exe": "WinLogonView", "winmacro.exe": "WinMacro", "winpdf.exe": "WinPDF", "winrename.exe": "WinRename", "winrescue.exe": "WinRescue", "winrock.exe": "WinRock", "winsetup.exe": "WinSetup", "winsix.exe": "WinSIX", "winspeeder.exe": "WinSpeeder", "winsplit.exe": "WinSplit", "winsshd.exe": "WinSSHD", "wintask.exe": "WinTask", "wintousb.exe": "WinToUSB", "winutilities.exe": "WinUtilities", "winvault.exe": "WinVault", "terminal.exe": "Command Prompt", "mintty.exe": "Git", "pythonw.exe": "Python IDLE", "authhost.exe": "Microsoft Windows", "olk.exe": "Microsoft Outlook", "dpm.exe": "Dell Peripheral Manager", "delltouchpad.exe": "Dell Touchpad", "eclipse-inst.exe": "Eclipse\u00a0Installer", "gethelp.exe": "Windows Help and Support Center", "git-cmd.exe": "Git Bash", "wish.exe": "Git GUI", "startmenuexperiencehost.exe": "Start Menu", "grammarly.desktop.exe": "Grammarly", "webviewhost.exe": "Windows Web Platform", "openwith.exe": "Open With", "mstore.exe": "Microsoft Store application", "selfcert.exe": "Microsoft Self-Certification Tool", "setlang.exe": "Microsoft Language Settings Utility", "offdiag.exe": "Microsoft Office Diagnostic Tool", "groove.exe": "Microsoft SharePoint Workspace", "ois.exe": "Microsoft Office Picture Manager", "mobarte.exe": "MobaXterm", "jupyter.exe": "Jupyter Console", "pickerhost.exe": "File Picker UI Host", "windowsterminal.exe": "Command Prompt"}